id	created_at	hashtags	cleaned_text
910169469867188224	2017-09-19	[]	row fal 2017 smal doubl circ bag sup shear mink avail @holtrenfrew
905110518146506753	2017-09-05	[]	row fal 2017 neyton coat far boot avail @holtrenfrew
879355845733216256	2017-06-26	[]	row pre fal 2017 ridiah top al pant feat @matchesfashion
852914682373578752	2017-04-14	[]	row spring 2017 koen top ben skirt dean sneak feat @thepop
844695980276617216	2017-03-22	[]	discov row fal 2017 collect @savannahsanmo preview thursday march 23rd
838781571121426432	2017-03-06	[]	row spring 2017 ganley apron feat @thegentlewoman
836671405278162944	2017-02-28	[]	row spring 2017 bea slip avail @barneysny
824753122006466560	2017-01-26	[]	row resort 2017 two on 12 pouch avail @barneysny
805845911947636736	2016-12-05	[]	row resort 2017 medicin pouch smal feat @tmagazine
793893784585179136	2016-11-02	[]	row fal 2016 shubin jumpsuit feat @magazineholiday
781856609584680960	2016-09-30	[]	row fal 2016 hedy dress feat @wsjmag
776181448453844994	2016-09-14	[]	row fal 2016 omr coat feat @thegentlewoman
770323130065772545	2016-08-29	[]	row fal 2016 medicin pouch sued pewt avail exclud @bergdorfs
766280545361944577	2016-08-18	[]	row fal 2016 collect avail @bergdorfs
760554647341916160	2016-08-02	[]	row fal 2016 loreno coat feat @wsjmag
715264004374007809	2016-03-30	[]	row spring 2016 ple slip feat @wsjmag
712348155967381505	2016-03-22	[]	row spring 2016 amill top resm pant feat @tmagazine
700737017374703616	2016-02-19	[]	'after midnight' optical; eyewear collect @oliverpeoples
700435944978120704	2016-02-18	[]	row fal 2016 collect hair odil gilbert makeup tom pecheux us @maccosmetics
697910033338757120	2016-02-11	[]	row resort 2016 collect avail @netaporter
676878031668043776	2015-12-15	[]	row resort 2016 collect avail @barneysny
669557076939710464	2015-11-25	[]	row resort 2016 collect avail @neimanmarcus
659740965914193920	2015-10-29	[]	row exclud travel caps avail @netaporter
656871281875406848	2015-10-21	[]	row fal 2015 nat top chim shirt aleen skirt feat @wallpapermag
651749956278206464	2015-10-07	[]	row fal 2015 kail top mis pant feat @wsjmag
649981879672799232	2015-10-02	[]	row spring 2016 collect hair odil gilbert makeup tom pecheux us @maccosmetics
641704290197872641	2015-09-09	[]	row fal 2015 wristlet avail @stylemarios
641359080347463681	2015-09-08	[]	row @cfda mad new york exclud caps avail @barneysny
639829834789732352	2015-09-04	[]	row fal 2015 tugga coat leon swe appel pant feat @ellemexico
635822613290422272	2015-08-24	[]	row fal 2015 boro jacket leon swe mis pant feat @tmagazine
633670366074904577	2015-08-18	[]	row fal 2015 lak dress clariss pant feat @wmag
627184600310267904	2015-07-31	[]	row pre 2015 collect avail @harrods
614499842056941568	2015-06-26	[]	row fal 2015 bor jacket feat @idmagazinee
614077395251953666	2015-06-25	[]	hunt bag resort 2016 collect
613429951623204864	2015-06-23	[]	row pre 2016 collect avail @barneysny
611555295421145089	2015-06-18	[]	row pre 2016 oss dress avail @barneysny
610511830545485824	2015-06-15	[]	origam bag resort 2016 collect
609086017686093824	2015-06-11	[]	row pre 2015 lau dress avail @totokaelo
596679912251068416	2015-05-08	[]	row spring 2015 salian dress feat edit avail @netaporter
594145015238123520	2015-05-01	[]	row spring 2015 muk dress zeenu shirt feat @portermagazine avail @netaporter
593156672715169792	2015-04-28	[]	row spring 2015 hunt bag 11 avail @bergdorfs
585203261772271616	2015-04-06	[]	pre 2015 hunt bag 9 feat @wsjmag avail row retail 310 853
583700299208118273	2015-04-02	[]	row feat spring 2015 issu @bonmagazine
577923405787340800	2015-03-17	[]	wristlet fal 2015 collect
573924473629450240	2015-03-06	[]	row spring 2015 collect avail @bergdorfs
572869371208417281	2015-03-03	[]	row fal 2015 collect seagram build
571050480387948544	2015-02-26	[]	row spring 2015 collect avail @barneysny
568183716968865793	2015-02-18	[]	row fal 2015 hair odil gilbert us @renefurtererus mak @tompecheuxmu us @maccosmetics
567759717280546817	2015-02-17	[]	row fal 2015 collect seagram build
565206099641790465	2015-02-10	['#top', '#skirt']	row spring 2015 wel sprecher feat @wsjmag avail row retail 310 853
562308036094861312	2015-02-02	['#coat', '#shirt']	row spring 2015 vantin nov feat @styledotcom avail @barneysny
553304433325801474	2015-01-08	['#top', '#skirt']	row spring 2015 tirm vetl feat @voguegermany avail @neimanmarcus
552581206408441857	2015-01-06	['#collect']	row pre 2015
552191178255634432	2015-01-05	['#top']	row fal 2014 ker feat avail @netaporter
542771980483956737	2014-12-10	['#coat', '#pant']	row spring 2015 vantin damy feat @ellemagazine
540631129221763073	2014-12-04	['#swe']	row fal 2014 keeton feat @bonmagazine avail @saks
532608049463050240	2014-11-12	['#vest', '#dress']	row resort 2015 engf alv avail @neimanmarcus
531894444732473345	2014-11-10	['#swe']	row fal 2014 mar feat el germany avail @netaporter
530434870376685568	2014-11-06	['#cap']	row fal 2014 rod feat @malibumag avail row melros plac 310 853
527551148635721728	2014-10-29	['#cap', '#top', '#skirt']	row nod sesil nish feat harper's baza jap avail @neimanmarcus
526841236943273984	2014-10-27	['#coat', '#cap']	row arnet rin feat heroin magazin avail @netaporter
525415641055252481	2014-10-23	['#dress']	row fal 2014 les feat @netaporter avail @netaporter
524289048978812928	2014-10-20	[]	row fal 2014 top skirt derby feat @ccalistyle avail row melros plac 310 853
523227092729999360	2014-10-17	['#handb']	row spring 2015 collect
522856218222534656	2014-10-16	['#swe']	row mar feat @i_d avail @netaporter
521765522984435712	2014-10-13	['#swe', '#cap']	row mar rashon feat @wsjmag avail @neimanmarcus
521710655674781696	2014-10-13	['#exclud']	row invit preview spring 2015 runway collect row melros plac
520601565179437057	2014-10-10	['#swe', '#cap']	row fal 2014 keeton rashon feat @vogueitalia avail row 310 853
520223788961890305	2014-10-09	['#coat']	row resort 2015 lan feat @wsjmag avail @neimanmarcus
519183686219366400	2014-10-06	['#swe']	row fal 2014 mar feat @vogueparis avail @netaporter
515558955624706048	2014-09-26	['#swe', '#cap']	row mar rashon feat @crfashionbook avail @neimanmarcus
514445489916608512	2014-09-23	['#coat', '#pant']	row resort 2015 frant siobh feat @ellemagazine avail row 310 853
512327173668372480	2014-09-17	['#jacket', '#skirt']	row fal 2014 lair lyn feat @portermagazine avail @netaporter
511606555633266688	2014-09-15	['#swe', '#cap']	row mar rashon feat vog chin avail @neimanmarcus
510435609094414336	2014-09-12	[]	row spring 2015 collect photo mark leibowitz
509790976765075457	2014-09-10	[]	52 merc street; soho new york
509454306173403136	2014-09-09	[]	hair odil gilbert @kerastaseusa makeup tom pecheux us @maccosmetics
509448909358235648	2014-09-09	[]	row spring 2015 photo mark leibowitz
506938734219374594	2014-09-02	[]	row fal 2014 look 18 feat @stylemarios fal 2014 styl guid avail @stylemarios
505050965305991168	2014-08-28	['#swe']	row fal 2014 keeton feat @i_d avail @saks
504303993557094400	2014-08-26	['#bag']	row fal 2014 bucket feat @tmagazine avail @matchesfashion
503943929793097729	2014-08-25	['#swe', '#cap']	row fal 2014 mar rashon feat @tmagazine avail @neimanmarcus
499922344316768257	2014-08-14	['#swe', '#cap']	row fal 2014 mar rashon feat @marieclaireuk avail @neimanmarcus
498846096354205696	2014-08-11	['#coat']	row fal 2014 arnet feat @wsjmag collect avail @barneysny
497089702340866048	2014-08-06	['#coat']	row fal 2014 forso feat @voguejp avail @montaignemarket
496343572229423104	2014-08-04	['#swe', '#cap']	row fal 2014 keeton rashon feat @britishvogue avail row 310 853
494879325834186752	2014-07-31	['#dress']	row hunt feat @netaporter avail @netaporter
494541496029573120	2014-07-30	['#coat', '#top']	row pre 2014 guy gur feat @britishvogue avail @saks
494163625293410304	2014-07-29	['#handb']	row spring 2014 macram sling feat @vogueaustralia collect avail @saks
493774436152406016	2014-07-28	['#dress']	row spring 2014 furs feat vog chin avail @montaignemarket
492676811600715776	2014-07-25	['#dress']	row spring 2014 id feat @i_d avail @netaporter
492339906459734017	2014-07-24	['#coat']	row spring 2014 lefurs feat @voguespain avail @barneysny
476784064570335232	2014-06-11	['#dress']	row spring 2014 id feat harper's baza jap avail @saks
474631310460604418	2014-06-05	['#coat']	row pre 2014 arv feat @wsjmag avail @neimanmarcus
473512186388963328	2014-06-02	['#dress']	row spring 2014 seco feat @harpersbazaarmx avail @netaporter
467342584084324352	2014-05-16	[]	row los angel flag 8440 melros plac los angel californ 90069 phon numb 310 853 1900
462255152016027650	2014-05-02	['#swe']	row pre 2014 liev feat @wsjmag avail @neimanmarcus
461918755845455872	2014-05-01	['#top', '#skirt', '#handb']	row spring 2014 mahd briah nylon sling feat @wmag
459357880483733507	2014-04-24	['#dress']	row spring 2014 urs avail @lagarconne
458620450809982977	2014-04-22	['#dress']	row spring 2014 seco feat @harpersbazaarru avail a'maree's
454297787895541761	2014-04-10	['#coat']	row spring 2014 arop feat @i_d avail @montaignemarket
453546736082907136	2014-04-08	['#dress', '#pant']	row spring 2014 tahel nopraw feat @portermagazine avail @netaporter
452165471375085568	2014-04-04	['#dress']	row pre 2014 leverton worn @camerondiaz london premy new film 'the woman'
451048837038100480	2014-04-01	['#top']	row resort 2014 nenet feat @voguemagazine avail @saks
450688286655119360	2014-03-31	['#top']	row spring 2014 lay avail @lagarconne
448845618375450624	2014-03-26	['#top']	row spring 2014 mahd feat @allurerussia avail @neimanmarcus
448501289752612864	2014-03-25	['#coat', '#necklac']	row spring 2014 lefurs fitz feat @vogueaustralia avail @neimanmarcus
448113936273920000	2014-03-24	['#exclud', '#savannah']	row invit preview fal 2014 runway collect
447115668002201601	2014-03-21	['#shop', '#am']	row spring sum 2014 collect avail @farfetch
443125642595274753	2014-03-10	['#dress']	row spring 2014 seco feat @papermagazine avail a'maree's
441963907616227328	2014-03-07	['#top', '#pant']	row resort 2014 pol drit avail @barneysny
439421333475061760	2014-02-28	['#handb']	row spring 2014 deerskin 'sling 15' cord avail @neimanmarcus
438009868725678080	2014-02-24	['#dress', '#bruceweb']	row spring 2014 loam feat @barneysny broth sist campaign shot
435794959464017920	2014-02-18	['#coat']	row spring 2014 lefurs feat @vogueitalia avail @neimanmarcus
435474485689339904	2014-02-17	['#backpack']	row handwov avail @barneysny
408745431850438658	2013-12-05	['#dress', '#cov']	clair dan wear @therow spring 2014 loam feat @glamourmag
405367044339531776	2013-11-26	['#watch']	@voguemagazine's edit sarah moonv discuss row's tak trench
405359201267896320	2013-11-26	[]	row fisherm swe feat @allurerussia
404986550586314752	2013-11-25	['#coat']	row bar silk satin feat @wallpapermag avail @netaporter
402920109489930241	2013-11-19	['#leath']	shop row @neimanmarcus
402841108759080960	2013-11-19	['#hat', '#photograph', '#behindthesc']	row spring @yestadtmilly arno frugy
402447116405968896	2013-11-18	['#coat', '#chin']	@therow rebby feat @vogue avail @barneysny
401363608921473024	2013-11-15	[]	must row's leath leg get
401060514320486400	2013-11-14	[]	@kelelam @therow @vmagazine
401013124414705664	2013-11-14	['#miam']	dear
401001287925260288	2013-11-14	['#bag']	@therow top handl seen @styledotcom avail @saks
400716132916539393	2013-11-13	['#whit', '#resort', '#stylech']	@therow @stylecaster
400714107017379840	2013-11-13	['#fisherm', '#swe', '#wednesday']	seen @purseblog's want avail @saks
400659931314929664	2013-11-13	[]	@cgainsbourg wear @therow top @vanityfairfr avail @justoneeye
400327949183762432	2013-11-12	['#turrel']	@papermagazine's jam inspir shoot feat row's fal wint dress
400320101867462656	2013-11-12	['#design']	ashley &amp; mary ols @allure_magazine
400283414789890048	2013-11-12	[]	happy birthday gre french sculpt august rodin see slideshow work
399913692034129920	2013-11-11	['#resort']	@therow collect avail @bergdorfs
398873450741108736	2013-11-08	['#shop', '#shopbaza']	@therow @harpersbazaarus
398839046278897665	2013-11-08	['#cashm', '#swe']	@therow chunky wool feat @bridesmagazine avail @neimanmarcus
398609894011850752	2013-11-08	[]	sud wint
398535447824965632	2013-11-07	['#bag', '#purs']	@manrepeller @therow's class should marry said would mean feel lik lady 24
398484563955318784	2013-11-07	[]	inspir @therow discov philosoph 5th
398484530257879040	2013-11-07	['#resort']	row enco wear indulg underst luxury read collect @bergdorfs
398467277386821633	2013-11-07	['#sunglass']	@chiaraferragni @therow cc @linda_farrow
398094214270955520	2013-11-06	['#avail']	row top handl @neimanmarcus feat @allure_magazine
397783394236776448	2013-11-05	[]	handmad turk bag @therow
397783394173845504	2013-11-05	[]	whenev see @therow bag want
397783394169671680	2013-11-05	[]	first look @therow sho
397442626795757568	2013-11-04	['#mink', '#coat']	forson avail @mytheresa_com
397409184448147456	2013-11-04	['#bag']	@manrepeller pow bucket
397379585395785728	2013-11-04	[]	@therow miad skirt feat @instyle avail @barneysny
396306783708262400	2013-11-01	['#rainy']	fay dunaway @vogueitalia day
395978669530701824	2013-10-31	['#coat']	bar coat feat @barneysny top
395942092804874240	2013-10-31	['#tbt']	@elle_de
395921176687439873	2013-10-31	[]	elliot erwit
395630164404875264	2013-10-30	['#stylech']	tru rt @stylecaster every bag @therow divin rt @sameve @stylecaster favorit fal bag
395581094050791424	2013-10-30	['#spring', '#photograph', '#bts', '#nyfw']	behind scen @therow's 2014 show arno frugy
395560344401104897	2013-10-30	['#class', '#leath', '#themarket']	@therow's skirt feat @thecoveteur's
395280633104052224	2013-10-29	['#inspir', '#follow']	@therow
395188585764102145	2013-10-29	['#backpack', '#class']	row inst feat @ellemagazine pre @bergdorfs
394918325118984192	2013-10-28	['#spring', '#handb']	see @therow's
394876732324339712	2013-10-28	['#swe', '#vog']	@therow's rim feat @voguemagazine's 31 day swe
393899732633780224	2013-10-26	['#class', '#blaz']	@sea_of_shoes wear @therow's avail @netaporter
393447323939786754	2013-10-24	['#hobo', '#bag']	@therow leath avail @saks
393141905233805312	2013-10-23	['#dailysw', '#ootd']	octob 23 swe dream real @therow
392993172600934401	2013-10-23	[]	@beyonc austral @therow lind farrow diary
392675529892974592	2013-10-22	['#spring', '#hobo', '#bag']	friend @purseblog contempl
392660866233282560	2013-10-22	[]	ste styl @mirandakerr prov reign queen street styl @therow
392660698901143553	2013-10-22	['#swe', '#preord']	@alexa_chung @teenvogue wear @therow avail @saks
392342704287645696	2013-10-21	['#mondaymus', '#justoneey']	rikako nagashim @therow
392329637445271552	2013-10-21	['#therow', '#classicco']	chic class
392291890285924352	2013-10-21	[]	@cgainsbourg @vanityfairfr wear @therow blous avail @mytheresa_com
391979888691138560	2013-10-20	['#selfiesunday']	citibik chinatown fulfil sery crav pho sunglass @therow &amp; new flor moto
391934104322969600	2013-10-20	[]	post photo
391677423835942912	2013-10-19	[]	underst luxury @therow here's pick weekend chic
391246059931852800	2013-10-18	['#hollywood']	
391227404527468545	2013-10-18	['#theedit', '#shop']	design feat week's story
390852338539167745	2013-10-17	['#theedit']	alway on wom party wear particul piec giv sery pang envy via @netaporter
390549576530153473	2013-10-16	['#bag']	@therow wov crossbody feat @bagsnob avail @mytheresa_com
390488651504689152	2013-10-16	[]	@therow's wool cashm swe &amp; jacquard trous feat @ellemagazine @neimanmarcus
390474973870956544	2013-10-16	['#shopbaza']	@harpersbazaarus edit @chrissyford cozy camel tond coat
390200027760828416	2013-10-15	[]	guest hon @therow ev design ashley ols mary ols
390196968477040641	2013-10-15	['#din']	posy lavend tied twin plac guest @therow @netaporter
390187098109915136	2013-10-15	[]	orn chand set mood din @therow design ashley ols mary ols
390170874025738240	2013-10-15	['#watch', '#exclud', '#interview']	@netaporter tak look back design ashley &amp; mary ols
390146915033423874	2013-10-15	[]	alway try off someth wom know want yet @therow
390131260422881280	2013-10-15	[]	they've mad @therow go label underst luxury can't wait celebr design ashley mary
390125166576947200	2013-10-15	[]	row starl coat feat @harpersbazaarus
389805380273844224	2013-10-14	['#sunglass']	@beyonce wear @therow par avail @editorialist
389752366628470785	2013-10-14	['#follow', '#instagram']	@therow
389750852967100417	2013-10-14	['#swe', '#cov']	pen cruz wear @therow ophel feat @ellemagazine
389398516021620736	2013-10-13	[]	post photo
389169504141717504	2013-10-12	[]	soc shop best modern tak favorit 70's throwbacks @therow @marcjacobsintl @netapor
389059747682746368	2013-10-12	[]	post photo
388694517408206848	2013-10-11	['#swe', '#numero']	row ophel feat avail @saks
388305929353326592	2013-10-10	[]	street @therow lind farrow gallery @sartorialist diary
388299454287454208	2013-10-10	['#tbt']	fal 2011
388022572706971649	2013-10-09	[]	top handl photograph nichola cop @nymag @thecut
387956532379680769	2013-10-09	[]	cecil beaton voguemagazin
387663171697127424	2013-10-08	['#backpack']	row feat @tmagazine avail @neimanmarcus marc
387601020588539906	2013-10-08	['#watch']	@chantecaille found oliv chantecail shop @therow @barneysny window
387578466003984384	2013-10-08	['#swe']	@therow ophel feat @tmagazine avail @farfetch
387259154995228672	2013-10-07	[]	@audreygelman wear @therow @nytstyles
387225434309820416	2013-10-07	['#morningfit']	cr de la cr fabr @therow row
386882981383913472	2013-10-06	[]	rit ackerm
386503792298319872	2013-10-05	[]	norm parkinson
386129218909634560	2013-10-04	['#therow', '#sunglass']	@chiaraferragni avail @saks see ful post
385769057292529664	2013-10-03	['#sunglass']	@therow 41 avail @mytheresa_com
385765103603548160	2013-10-03	[]	alex katz
385460721632296960	2013-10-02	['#swe']	row glass bead feat @cntraveler avail @justoneeye
385111399699329024	2013-10-01	['#socialshop']	anyon happy ful skirt com wel ful circ @manrepeller
385039392278335488	2013-10-01	[]	row peggy dress feat num russ avail
384703176198201344	2013-09-30	[]	row top handl avail @neimanmarcus
384404420857167872	2013-09-29	[]	post photo
383591536308793344	2013-09-27	['#2']	par je t'aime hit ground run @dior @driesvannoten mil purchas @therow @bottegaveneta
383583312695918592	2013-09-27	['#exot', '#backpack', '#trunkshow']	@therow display @barneysny los angel today cal inform 310 276
383249838219227136	2013-09-26	['#tbt']	@ellefashion
382906007627632642	2013-09-25	['#swe']	@doutzen row's chunky cashm @telefashion avail @bergdorfs
382866306535817216	2013-09-25	[]	rikako nagashim
382532079415615488	2013-09-24	['#spring', '#nyfw']	atmosph @therow's 2014 show
382503187330002944	2013-09-24	['#swe']	@voguemagazine feat row's rim avail @barneysny
382140893114793984	2013-09-23	['#thehighlin', '#art']	elizabe ols wear @therow din
381460153721450496	2013-09-21	['#squaready']	
380733559482630145	2013-09-19	[]	could i'd wear @therow cozy swe seen luckymagazin day every day wint
380710162886955008	2013-09-19	['#clutch']	@therow met fram tej avail @barneysny
380382129542004738	2013-09-18	['#septemb', '#dress']	@nylonmag's issu feat lizzy capl @therow avail @barneysny
380024996325634050	2013-09-17	['#instagram']	follow @therow
380016995062005760	2013-09-17	[]	arnofrugy
379968178983403521	2013-09-17	['#fal']	@purplediary issu feat row swe avail @farfetch
379624796130410496	2013-09-16	[]	@britishvogue
379605946097360896	2013-09-16	[]	row mink coll wool coat feat @nlvogue avail @saks fif avenu
378214163073363968	2013-09-12	[]	@voguemagazine meet @instagram
378180478458933248	2013-09-12	[]	luckymagazin @lilyaldridge
377957536743178240	2013-09-12	['#vogueinstafash']	voguemagazin photo @mo_neal
377897820386107392	2013-09-11	[]	fal wardrob @therow prep swoon
377803871269040130	2013-09-11	['#nyfw', '#photograph']	row spring 2014 arno frugy
377424758083555329	2013-09-10	['#nyfw']	enough room rar think diff cc @voguemagazine @therow
377260395612098560	2013-09-10	['#spring14', '#nyfw']	complet runway photo @therow show
375757423237419010	2013-09-05	['#industriemagazin']	intothegloss
375310031119720448	2013-09-04	['#regram', '#bgobsess']	@bergdorfs
375286126958747648	2013-09-04	['#bgobsess']	back school @therow 212 872 2597 ronald edmond learn cent
375281326544662528	2013-09-04	['#fall2013']	men fash hit runway aplomb dar gend bend @therow @acnestudios
375257035501105154	2013-09-04	['#nyfw']	row carry on @voguemagazine editor's ess handb avail @saks
374921989128859648	2013-09-03	[]	ruby shop avail @barneysny
374890845951885312	2013-09-03	['#cov', '#fal']	elizabe ols feat @dazedmagazine tuxedo top avail @saks
374225418205036544	2013-09-01	[]	post photo
373450512714432512	2013-08-30	['#photograph', '#fal', '#bgobsess']	top handl seen @bergdorfs gravit pul john clang
373210396364406784	2013-08-29	[]	walk around off wear @therow backpack admit would
373157296094085120	2013-08-29	['#tbt']	@elleuk @rosiehw
373117317582192640	2013-08-29	['#leath']	row top handl fal jacket feat @editoralist
372730724467499009	2013-08-28	[]	row's new collect @neimanmarcus
372451213750861824	2013-08-27	[]	quintess new piec @therow insit
372359744625061888	2013-08-27	[]	post photo
372357816238878720	2013-08-27	[]	fal collect avail @brownsfashion
372357723653820416	2013-08-27	[]	fal collect avail @brownsfashion
372076950443274240	2013-08-26	[]	@tmagazine
372056140831412224	2013-08-26	[]	@voguemagazine's soc shop feat @therow's class backpack
372019943132246016	2013-08-26	[]	seen @tmagazine avail @saks
371281259315855360	2013-08-24	[]	post photo
370549740133687296	2013-08-22	['#fal']	212 872 8747 numb cal know rt @therow collect avail @bergdorfs
370547523770806272	2013-08-22	['#fal']	collect avail @bergdorfs
370238536248590336	2013-08-21	[]	chiar round @chiaraferragni @therow lind farrow read diary
370202512780832768	2013-08-21	[]	@thecoveteur feat actress @zeldawilliams @therow's ess tee
370187490403315712	2013-08-21	[]	@voguemagazine
369859435327287296	2013-08-20	['#fal']	10 key piec feat @therow @harpersbazaarus
369830616767795200	2013-08-20	['#septemberissu']	row cross mink coat feat @ellemagazine's
369106875406876672	2013-08-18	[]	lov @therow's sign styl silk shirt show simpl cle tail perfect
368792166090276864	2013-08-17	[]	richard misrach
368007306056724480	2013-08-15	['#uk']	row's silk jumpsuit feat @cntraveler avail @netaporter
367705056788754432	2013-08-14	['#kickit']	@therow @supergausa feat @thecoveteur's edit
367646340316004353	2013-08-14	['#therow', '#sunglass']	@chiaraferragni avail @linda_farrow
367336802983899136	2013-08-13	[]	@neimanmarcus
367283385233731584	2013-08-13	['#septemb']	@amberhofficial cov @flarefashion @therow avail @barneysny
366963051955630081	2013-08-12	[]	row fal wint collect avail @netaporter
366934454809272320	2013-08-12	[]	post photo
365848842089938944	2013-08-09	[]	lov @therow resort look soir
364768279950131202	2013-08-06	[]	ageless fash @voguemagazine feat row's clutch avail @barneysny
364441838800732160	2013-08-05	[]	@therow @linda_farrow avail @shopbop
364022763490508800	2013-08-04	[]	post photo
363327144895582208	2013-08-02	[]	constantin br
363321467536015361	2013-08-02	[]	row fal wint collect avail @bergdorfs
363002997380354048	2013-08-01	[]	@voguemagazine feat @therow skirt shirt
362945180602613764	2013-08-01	[]	@supergausa row feat cov @womensweardaily [sub required]
362944398168178688	2013-08-01	[]	black 2750 failleu superg @therow sneak feat cov @womensweardaily today
362943406277795840	2013-08-01	[]	massimo vital
362580133359525888	2013-07-31	[]	row carry avail @libertylondon
362572141394264067	2013-07-31	[]	@voguemagazine
362219219171016704	2013-07-30	[]	row's fal wint jumpsuit feat num russ
361912068997267456	2013-07-29	['#instagram']	follow row
361858326658703360	2013-07-29	[]	row's top handl bag feat
361596253773107201	2013-07-28	[]	chiar ferragn @chiaraferragni wear @therow lind farrow sunglass diary
361272470684176384	2013-07-27	[]	day pair favorit @therow sunglass @forwardbyew countdown wednesday's
360797296931241984	2013-07-26	[]	martin par
360484424263012352	2013-07-25	[]	mary ashley ols want mak lif easy via @therow hint bag
360474974152171520	2013-07-25	[]	fal 2013 video
360466314034290693	2013-07-25	[]	richard misrach
360068172264640512	2013-07-24	['#facebook']	follow us
360037778098098176	2013-07-24	['#sunglass']	row avail @mytheresa_com
359671967617519616	2013-07-23	[]	vogueind
359326385145274368	2013-07-22	[]	avail neim marc
358980796079546369	2013-07-21	[]	post photo
358600715423715328	2013-07-20	[]	david hockney
357937249276542976	2013-07-18	[]	@netaporter @mistyonpointe
357828126099111936	2013-07-18	[]	new luxury label @therow avail buy onlin &amp; find collect ht
357545276392734721	2013-07-17	[]	row leath backpack avail @barneysny
357214003392548864	2013-07-16	[]	@karliekloss august issu am @voguemagazine wear fal wint 2013 swe stor august 2013
356825195211800577	2013-07-15	[]	row 8 avail @sunglasscurator
356426718094954496	2013-07-14	[]	post photo
356064181474168833	2013-07-13	[]	post photo
355690570213097472	2013-07-12	[]	row spring jacket avail @neimanmarcus
355651913435459584	2013-07-12	[]	@therow gorg shot @livtyler perfect embody '60s chic
355414927411904512	2013-07-11	[]	liv tyl feat @netaporter row's cashm swe
355325023109644288	2013-07-11	[]	@intothegloss's @emilywweiss feat @luckymagazine wear row's top handl bag
354979789569925120	2013-07-10	[]	spring sum @therow avail @farfetch
354626417536925697	2013-07-09	[]	nasib adilov feat @harpersbazaarus @therow
354264049732694016	2013-07-08	[]	damy hirst
354241987823669250	2013-07-08	['#summeress']	‎ row
352423798269689856	2013-07-03	[]	@linda_farrow
352072003479547904	2013-07-02	[]	row 42 avail purchas
351729418575691776	2013-07-01	['#spasibo']	fal top handl bag feat @buro24_7
351707975179698176	2013-07-01	[]	nasib adilov @therow
351083257149919233	2013-06-29	[]	post photo
350277395674185734	2013-06-27	['#tbt']	@voguemagazine
349979757594677250	2013-06-26	[]	@saks
349901939028414464	2013-06-26	['#summeress']	@therow avail @bergdorfs
349625124745519106	2013-06-25	[]	chic &gt;&gt;&gt; @therow's photo
349551698429235200	2013-06-25	[]	sum issu @thepop feat spring 2013 dress
349169177615036416	2013-06-24	['#sum']	
347735326682382336	2013-06-20	['#resort', '#tbt']	2012 @therow
347735258805960706	2013-06-20	[]	jam dean
347467137641750529	2013-06-19	['#resort']	three's trend dress whit @therow philosoph @maisonvalentino collect
347464973636734977	2013-06-19	['#jun']	carey mullig wear @therow pre skirt @nlvogue issu
346999573438410752	2013-06-18	['#summeress']	avail @netaporter
346662902591283200	2013-06-17	[]	post photo
346634799328411648	2013-06-17	[]	row sunglass avail
346291857338281985	2013-06-16	[]	picasso
345898560753123328	2013-06-15	[]	slim aaron
345602705466736640	2013-06-14	[]	fisherm 1920s inspir mary ad ashley ols row resort 2014
345601623713787904	2013-06-14	[]	sof coppol shot craig mcdean styl karl templ wear pre suit jun @interviewmag
345222958349971456	2013-06-13	[]	sof coppol wear pre @interviewmag
345205859665723392	2013-06-13	['#summeress']	gard tot avail @saks
344527799345872897	2013-06-11	['#resort']	mary ashley ols understand valu simpl design pleas @therow
344468509541158914	2013-06-11	['#resort']	2014
344466909422559232	2013-06-11	[]	resort 2014 lookbook im
344232394288676864	2013-06-10	[]	mix med @therow
344105656288157696	2013-06-10	['#resort']	2014 @therow
344058930181320705	2013-06-10	['#resort']	2014 feat @womensweardaily
343535330529509376	2013-06-09	['#pearl', '#diamond', '#bird', '#jewelry']	jad sidney garb @therow pin barneysny
343446732467732481	2013-06-08	[]	see lennon @therow
342305147587788800	2013-06-05	['#summeress']	
341927316831760386	2013-06-04	[]	elizabe ols pre 2013 @therow cfda award
341923535800909825	2013-06-04	[]	superg cre direct ashley mary ols team sart gar dor
341689658297688064	2013-06-03	['#cfdaawards']	fal @therow @cfda award
341663285713723392	2013-06-03	[]	cc cfda
341659957533499393	2013-06-03	['#video']	@supergausa behind scen shot @sartorialist @garancedore
341653755621687297	2013-06-03	[]	pre row stor
340859503547404289	2013-06-01	[]	slim aaron
340538482659307520	2013-05-31	[]	thought leath @therow dress might seal deal barneysny soc expery
340486643578437632	2013-05-31	['#tot']	@therow gard
340486578218598401	2013-05-31	['#rothko']	
340215199174909952	2013-05-30	[]	iba acevedo
339766557641150464	2013-05-29	[]	carry tot avail @saks
339493297099767808	2013-05-28	[]	see world @therow glass cc @kellyoxford
339427034856038401	2013-05-28	[]	superg @therow feat @voguemagazine's soc shop stripes forev
339393641523064832	2013-05-28	[]	@flauntmagazine's spring 2013 issu feat spring dress
339077451240075264	2013-05-27	[]	post photo
337605656691494912	2013-05-23	[]	mick jag
337275848497434624	2013-05-22	[]	@fashionista_com highlight @therow's fisherm swe cc @wsjmag @natasupernova
336935649619869696	2013-05-21	[]	would lotto would bought @therow drawst bag
336842507189108737	2013-05-21	[]	la tim magazin jun 2012
336477553692921856	2013-05-20	[]	@instyle jun issu feat spring suit avail @neimanmarcus
336151362524028929	2013-05-19	[]	ormond gigl
335409304452612098	2013-05-17	['#backst']	@therow's spring 2013 show
335061515919056898	2013-05-16	['#rothko']	mark
335061060358909952	2013-05-16	[]	avail barneysnyoff
334755617468198912	2013-05-15	[]	fal 2013 swe jun 2013 cov @wsjmag
334676214574903296	2013-05-15	['#avedon']	richard
333977347076263936	2013-05-13	[]	@therow @linda_farrow avail montaignemarket
332948664408502272	2013-05-10	[]	jun 2013 @instyle
332514566040866816	2013-05-09	[]	brancus
332141010501120000	2013-05-08	[]	octob 2012 @meiselsteven @vogue_italia
331417488241868800	2013-05-06	['#travel']	design talk @ellemagazine
331050315069673472	2013-05-05	['#purplemagazin']	fal 2011
330319907378061313	2013-05-03	['#spring']	2013
330013776403369984	2013-05-02	[]	soph lor
329618951170560001	2013-05-01	[]	gard tot @netaporter
329312485498843136	2013-04-30	['#spring']	2010
329237130524106752	2013-04-30	[]	leath look spring @therow feat @bergdorfs
328929715429703681	2013-04-29	[]	richard serr
328558827345682432	2013-04-28	[]	spring issu @ccalistyle
328183813572280320	2013-04-27	[]	@therow @linda_farrow avail @bergdorfs
328183644168548352	2013-04-27	[]	post photo
327813670069497856	2013-04-26	[]	amel earhart
327490667775406082	2013-04-25	[]	laur hutton feat @netaporter's edit
327484938750402560	2013-04-25	['#supergaus']	keep neut @therow get @barneysny
327152575730302976	2013-04-24	[]	@neimanmarcus
327152346901647362	2013-04-24	[]	dian vreeland
326815571968679936	2013-04-23	[]	el surpr @bagsnob feat fal 2013 handb
326787607600173057	2013-04-23	[]	sneak peek graph top bag @therow black trend continu fal
326361721277136896	2013-04-22	[]	origin
325399063606468610	2013-04-20	['#casablanc']	rick's caf
324916009519681536	2013-04-18	[]	quand l'art s'invite dan nos @marcjacobsintl @therow @jasonwu @proenzaschouler @p
324590843606466560	2013-04-17	[]	photograph gregoirealexandr
324541310948229120	2013-04-17	['#zillab', '#coachellaorbust']	fest far @clovercanyon @deltoroshoes @therow
324245319359541249	2013-04-16	['#withoutsho']	honey day @toms i'm wear leath overal @thisiswhistles bag @therow
323964943768616960	2013-04-16	[]	barneysnyoff
323875579004862465	2013-04-15	[]	post photo
323812694786453504	2013-04-15	[]	underst ev chain bag @therow
322876423671001088	2013-04-13	[]	marina's market find @therow @officialrodarte @vacheron1755 @jbrandjeans @jacqueslevine
322473203480031232	2013-04-11	[]	new fleet bag @therow
321804029829197825	2013-04-10	[]	@wmag march 2012
321673510319710208	2013-04-09	[]	@thecarlylehotel
319476007218339840	2013-04-03	['#americ', '#therow']	mad
319093644248358912	2013-04-02	[]	edit @bostervalerie nam @therow spring sum remik trench @voguemagazine's want
319086973551771651	2013-04-02	[]	know @therow nam london savil row avail onlin
318736865920417792	2013-04-01	['#sunglass']	discov perfect pair @justoneeye
318399148669939712	2013-03-31	[]	congrat alway charm @miraduma voguemagazin spread
318062020383608832	2013-03-30	['#sunglass']	kusam chos @therow
317711538486124544	2013-03-29	['#ff']	europ stomp ground @libertylondon @harrods @harveynichols @selfridges @printemps
317665224339636227	2013-03-29	[]	spring sum 2013 class should bag feat @ellemagazine's april issu
317281627401232384	2013-03-28	[]	@therow spring sum basket weav silk jacket feat @dujourmedia
316988651290648576	2013-03-27	[]	discov @therow's fal wint top handl bag @purseblog
316960994939269120	2013-03-27	['#detail', '#fabr']	clos person at row
316918295422963713	2013-03-27	[]	alway eleg visit expl world leath good
316616513668923393	2013-03-26	[]	thank good company rt @bergdorfs psa @therow instagram bet it'll good
316587237603176448	2013-03-26	['#backst']	behind scen fal wint show
316566149678645248	2013-03-26	[]	see @therow spring sum collect feat @voguekorea
316214186365571072	2013-03-25	[]	@hannelim carry @therow fal wint top handl bag feat @harpersbazaarus
316193499181641729	2013-03-25	[]	off row
190492856828440576	2012-04-12	[]	row sunglass feat soc shop avail
188042303225597952	2012-04-05	[]	fw12 honey python bowl handb feat @styledontcom
185823464500895744	2012-03-30	[]	croc smal should bag shown 50 best pick spring
185819917973598209	2012-03-30	[]	harpersbazaar highlight raml jacket spring 2012 march issu
185778942505005056	2012-03-30	[]	wal street journ ment fw12 collect
185187112671387650	2012-03-29	[]	actress elizabe ols wear pf 12 rottley jacket namkesh pant mik top today show
185186215753027584	2012-03-29	[]	two issu @styledotcom print count bag nin ricc @therow @driesvannoten season's top 10
185186070764326912	2012-03-29	[]	brick col croc back pack shown @wwd's acess report
184374488207593473	2012-03-26	[]	styl rachel zoe wear row sunglass avail
183275535055601664	2012-03-23	[]	actress mandy moor wear lind farrow row sunglass shop row eyewear
183243312516440066	2012-03-23	[]	show doct bag 'shop look'
183232382176993280	2012-03-23	[]	van fair's heath shimokaw includ fess coat on rec buy
183231994103205888	2012-03-23	[]	row lambskin laptop cas navy black
182541031449952257	2012-03-21	[]	styledotcom includ row fal 12 scrapbook
182540776746655744	2012-03-21	[]	gwen's turn
182257055195856897	2012-03-21	[]	check fal wint 2012 behind video mak tom pecheux sunday riley
182255338001674241	2012-03-21	[]	view behind fal wint 2012 collect video hair odil gilbert k par
181859481716666369	2012-03-19	[]	kelk neclac top seen april issu @wmagazine
181858178240233472	2012-03-19	[]	actress rachel weisz wear angel top rizzo leg dai show
180750532271554561	2012-03-16	[]	kelk neclac top ss12 seen april issu @wmag
180743780016717825	2012-03-16	[]	@styledotcom feat row styl fil blog exclud video
180743194038898688	2012-03-16	[]	womenswear design year nomin @marcjacobsintl @therow @proenzaschouler
180742793470296065	2012-03-16	[]	want win cfda womenswear design year @marcjacobs @proenzaschouler @therow vot htt
180721802429997057	2012-03-16	[]	vog germany ment sorrento jacket knot necklac march issu avail
180720121239699456	2012-03-16	[]	ashley ols mary ols discuss success row el uk april issu
180030002451070976	2012-03-14	[]	actress rooney mar carry tal day lux bag black avail
179984537617563648	2012-03-14	[]	wom magazin highlight row march issu
179981058001993728	2012-03-14	[]	row superg sho repl siz stock
179980162220294144	2012-03-14	[]	lunch @joeymaalouf rock new @therow sunny prefal faux fur xorz
179979570655670272	2012-03-14	[]	think mary ashley's @therow sneak
179324755869044737	2012-03-12	[]	fur airtron vest fal 11 feat @styledotcom
179314532244652034	2012-03-12	[]	new spring collect ar avail
178225110086467587	2012-03-09	[]	chic say guest 12 show new york tim
178204785885986816	2012-03-09	[]	whit smal should bag lizard 12 march issu @wmag avail
178197402652639233	2012-03-09	[]	@lacohen2 sev loc chicago also purchas direct websit
178197155562000384	2012-03-09	[]	elizabe ols visit lady view yesterday @therow's pre 12 orel dress
178196509135863810	2012-03-09	[]	actress krist wiig wear ss12 ferry jacket promot new movy friend kid
177555132521779201	2012-03-08	[]	shal monroqu carry lizard should bag givenchy avail
175692169984745472	2012-03-02	[]	see chic piec baza edit chos spring shop pick @jcrew_insider @therow @prada @misswu_
175691913490468864	2012-03-02	[]	elizabe ols carry black smal should bag van fair osc party avail
175690126528229376	2012-03-02	[]	ment velvet suit standout mom pf 12
175393333911367680	2012-03-02	[]	beyont seen carry baby blu ivy wear overs round @linda_farrow row sunglass
175017687032930304	2012-03-01	[]	avail row superg feat fam ten sho lux fabr avail
174997708870914048	2012-02-29	[]	@vogue_italia review fw 12 collect
174983333053337601	2012-02-29	[]	katherine's pick @whowhatwear feat clear cat ey fram avail
174271993716285440	2012-02-27	[]	kelk top ss 12 shown @tmagazine
174232460148752385	2012-02-27	[]	kest top ss 12 feat @thepop magazin
174219574311522304	2012-02-27	['#spot']	beyont knowl blu ivy look amaz lind farrow @therow round sunglass
173173441627828224	2012-02-24	[]	fal 12 collect
173116970122752000	2012-02-24	[]	look spring feat march issu @marieclaire
173097802556121088	2012-02-24	[]	iv chincill min twin bag
172447900952039425	2012-02-22	[]	see top nyfw look illust @terichung @proenzaschouler @michaelkors @altuzarrastudio @marchesafashion @the
172437686739668992	2012-02-22	[]	wwd review 12 collect
172436509419515904	2012-02-22	[]	rust col should bag 12 shown march issu @ellemagazine
170595480898781185	2012-02-17	[]	row feat @todayshow fal fash
170586766032637953	2012-02-17	[]	@rzrachelzoe tal day lux bag rodart fw 12 show avail
170016657664770048	2012-02-16	[]	view fal 12 collect row facebook pag
169214691158147073	2012-02-14	[]	f 12 collect via @styledotcom
169213292491980801	2012-02-14	[]	new makr row piec avail
169190853900910592	2012-02-13	[]	yellow purpl lizard ipad cas avail
169177948023300097	2012-02-13	[]	llean makr row ag necklac shown @styledotcom's red carpet extra
169103797526872064	2012-02-13	[]	sarah mow preview f 12 collect
168508558940442624	2012-02-12	[]	row feat on @styledotcom look day there's stil tim cast vot
168408824326258688	2012-02-11	[]	beauty day nyc fw12 collect prep
167362961042718721	2012-02-08	[]	wov silk patchwork aud jacket shown @bazaaraustralia's march issu
167321612209762304	2012-02-08	[]	actress rachel mcadam wear busselton coat fw 2011 promot new film vow london
167305243657383936	2012-02-08	[]	circ fram sunglass soc shop list avail
167068936293191681	2012-02-08	[]	el germany feat look spring 2012 febru issu
166689402884599808	2012-02-07	[]	lik row facebook preview pre collect 2012 handb
166676803199578112	2012-02-07	[]	@styledotcom feat spring's porcelain croc canva backpack shop guid
166641245236633600	2012-02-06	[]	giv look french twist @therow's proffington jacket pablo top via @voguemagazine
166604359176695808	2012-02-06	[]	@madamefigaro highlight croc backpack
165943247246598144	2012-02-04	[]	soc shop ey anoth row piec pablo top resort 12 avail
165869257291341826	2012-02-04	[]	soc shop highlight proffington jacket french twist click buy
165868431747461120	2012-02-04	[]	@voguemagazine soc shop put french twist closet bas @brooksbrothers @therow @nikon_photo @forever21 @b
165556331313508352	2012-02-03	[]	prep fal wint 2012 collect
165550993096966145	2012-02-03	[]	latest obsess via @therow
165549410300862464	2012-02-03	[]	@grazia stop par showroom review pf12 collect
165515686137966592	2012-02-03	[]	carey mullig row sunglass click buy
165212799541329920	2012-02-02	[]	shad blog reviewd pre 2012 collect
164825730105098240	2012-02-01	[]	@whowhatwear's access report bright ey highlight burnt orang sunglass
164484255680954369	2012-01-31	[]	fran kress join row team presid chief op off
162992627132792833	2012-01-27	[]	tal day lux calfskin availab terracot black
162951289465077761	2012-01-27	[]	raych nguy @thatschic ment torto acet sunglass dream equip blog
162229864383000576	2012-01-25	[]	carey mullig spot carry min twin bag avail
161971724445941762	2012-01-25	[]	pre collect look book avail view
161930205382979584	2012-01-24	[]	actress lea michel navy fram black leath wrap templ sunglass row
161577454681600000	2012-01-23	[]	actress jessic biel wear burnt orang sunglass w leath wrap templ avail
161564498401046528	2012-01-23	[]	limit quant ss12 fox tail key ring avail click shop
161548428298567680	2012-01-23	[]	lot navy whit mink knit feat @metal_magazine avail
160477526894985216	2012-01-20	[]	row pre 2012 review @10and10men
160446461920813057	2012-01-20	[]	menford coat fal 2011 ment @lofficielparis avail
160425666553184256	2012-01-20	[]	@thatfrenchdude men temp suspend ord foc access cont menswear fut
160139490298568704	2012-01-19	[]	quest fur whit fox tail key ring avail
160109918421123073	2012-01-19	[]	chakr dress spring 2012 perfect pink febru issu @harpersbazaarus
159746854039461888	2012-01-18	[]	elizabe ols wear smal should lizard bag whit independ spirit award
159695389874860033	2012-01-18	[]	row pre 2012 collect feat @womensweardaily
159033472353185792	2012-01-16	[]	check review collect pre 2012 @styledotcom
158996851171930112	2012-01-16	[]	spring 2012 kest top feat drew barym @instylemagazine feb issu
158975266587287552	2012-01-16	[]	@harvey_nichols ship intern rt @buscen row stor london
155385284563959808	2012-01-06	[]	new resort 2012 ar avail view new lizard ipad cas
147747592862838785	2011-12-16	[]	row's pre 2012 look book shoot
147456020778721280	2011-12-15	[]	find perfect gift new resort '12 ar ord sunday get fre 2 ship delivery 12
144149783098048512	2011-12-06	[]	belind driv glov feat avail purchas quant limit
141935690823892992	2011-11-30	[]	mirand ker wear r12 pablo swe vogue's 10 best dress buy
141669228729204736	2011-11-30	[]	new ar resort 2012 collect shop
141247811504193537	2011-11-28	[]	miss cyb monday off $100 gift card every $1 spent plu fre u 2 ship shop
140973068498636800	2011-11-28	[]	cyb monday start $100 gift cert every $1 spent plu fre 2 ship shop
139835218919030784	2011-11-24	['#blackfriday']	spend row receiv $100 every $1 spend plu get fre 2 ship detail
134037837631860737	2011-11-08	[]	biggest sampl sal ev com ny novemb 17th 4pm 7pm detail
132203434312073216	2011-11-03	[]	la sampl sal today 4pm 3525 hayd av culv city 90232
129601599021645824	2011-10-27	[]	resort 2012 makr row jewelry collab avail view shop
127473682527420416	2011-10-21	[]	mark calend row's biggest sampl sal ev la novemb 3rd ny info soon detail
127062008582504448	2011-10-20	[]	shop fw11 proffington corduroy jacket feat octob issu magazin
124536926433853440	2011-10-13	[]	shop fw11 chepl coat feat octob 2011 issu interview magazin
124193658042978304	2011-10-12	[]	lik us chant win pair row sunglass detail rt extr entry
123496475668905984	2011-10-10	[]	feat produc corduroy proffington jacket seen oct issu magazin buy
113713919331287040	2011-09-13	[]	vog review row ss12 collect
113708682826629120	2011-09-13	[]	view spring sum 2012 runway look
111915811211452416	2011-09-08	['#fno']	celebr therow ent chant win 20% entir ord tweet fav item detail www
108964361346879488	2011-08-31	[]	allig backpack aug issu mary clair avail row onlin shop
107188723489316866	2011-08-26	[]	fre us ship therow ord shop fal wint 2011 ready handb collect
105787585581944833	2011-08-22	[]	select handb stock row onlin shop includ min twin ostrich tak look
105761313627709440	2011-08-22	[]	check row feat telegraph photo artic
103578569086738432	2011-08-16	[]	ar sunglass avail view
102108244566212608	2011-08-12	[]	excit see row sept issu harper's baza view
101699635910934528	2011-08-11	[]	row @flarefashion sept issu view look
100983810405044224	2011-08-09	[]	good look gre shop tom row check gre ment @marieclaire
100649055989932032	2011-08-08	[]	excit annount row handb collect join celebr therow purchas handb receiv row shad us
100615078881148928	2011-08-08	[]	check row sunglass wal street journ duty shop shad therow
98045483175522304	2011-08-01	[]	therow today check @womensweardaily artic preview
73509384902295552	2011-05-25	[]	com row la sampl sal today 4 3525 hayd avenu culv city ca
72699844979986432	2011-05-23	[]	la sampl sal wednesday may 25th 4 click detail
70214937364017152	2011-05-16	[]	pre 2011 collect avail shop fre us ground ship ord limit tim
63708378395967488	2011-04-28	['#helpjap']	last day meet ashley mk tak hom new eands wardrob bid @cfda auct
55386510287044610	2011-04-05	[]	meet ashley mk win row @elizandjames cloth check @cfda auct jap reliev
50654551648370688	2011-03-23	[]	fre us ground ship end soon shop spring sum 2011 collect
50264882410553344	2011-03-22	[]	check behind row artic vog photo bruc web
45189147828289536	2011-03-08	[]	silk william pant feat styl click purchas row onlin shop
44881549971300352	2011-03-07	[]	fre us ground ship ord end 3 shop women's men's spring sum 2011 collect
40099306987851776	2011-02-22	[]	review fw11 @tomsshoes collab latim
38720143555166208	2011-02-18	[]	thank @refinery29 @tomsshoes row artic
38718077797531648	2011-02-18	[]	row @tomsshoes collab wwd
38013186779119616	2011-02-16	[]	fre us ground ship follow today tomorrow us promo cod checkout ship4free
38007262651875328	2011-02-16	[]	sneak peek larry grey plaid sho @therow @tomsshoes
37996552756662272	2011-02-16	[]	ap's review fw11 collect
37645765207658496	2011-02-15	[]	preview on row @tomsshoes styl
37570741771706368	2011-02-15	[]	read collab @tomsshoes wwd
37558430046617600	2011-02-15	[]	check @womensweardaily review fw11 collect
37361977655304192	2011-02-15	[]	shot sol annount @tomsshoes @therow collab
37313453991403520	2011-02-15	[]	preview fw11 collect
37313263561605120	2011-02-15	[]	first look @therow fal 2011 vog dai vog
35109015012769792	2011-02-08	[]	men's ss11 collect @therow avail onlin read @refinery29
34731020334923776	2011-02-07	[]	men's spring sum 2011 collect avail row onlin stor
34348557465026560	2011-02-06	[]	ss11 men's collect avail shop row onlin stor start tomorrow 2 4pm et
32517622503309312	2011-02-01	[]	contribut fash edit @meenalmistry lov @lover_ @michaelkors @therow spring pick
27789629943971840	2011-01-19	[]	men's spring sum 2011 collect com soon row onlin shop stay tun info
25334721709867009	2011-01-12	[]	pre 2011 collect im row's facebook pag
25331338068361216	2011-01-12	[]	check pre 2011 collect review voug
16984190289453056	2010-12-20	[]	alway ord ship row sign pack perfect gift
16983894599405568	2010-12-20	[]	there's stil tim plac holiday ord ord noon pst 12 choos next day air receiv 12
14496299969675264	2010-12-14	[]	forget ent shopstyl giveaway win row cloth
14411769371951105	2010-12-13	[]	win @fashionologie's favorit piec row
14380102376755200	2010-12-13	[]	ent win row giveaway shopstyl today check
13348167907020800	2010-12-10	[]	fre ground ship us ord choos ground ship checkout
13318063046791168	2010-12-10	[]	row onlin stor ship intern simply choos intern opt checkout
10794197124644864	2010-12-03	[]	lik us facebook exclud promot cont new
10429907389648896	2010-12-02	[]	new resort styl avail row onlin stor
9374942629986305	2010-11-29	[]	sign resort lookbook left shop resort collect www get cop
7503386878418944	2010-11-24	[]	shop resort 2011 collect avail www
7129681035796480	2010-11-23	[]	mk ashley autograph @therow look book here's get on
7118640436486144	2010-11-23	[]	resort 2011 avail row onlin stor sign lookbook giveaway first 10 ord detail
6835536777973760	2010-11-22	[]	therow ment styl
6821881579577345	2010-11-22	[]	first 10 resort ord receiv sign resort 2011 lookbook info term tomorrow 11am
6771934813487104	2010-11-22	[]	resort 2011 avail tomorrow novemb 23rd 11am et pt last day shop fal collect
5691253136031744	2010-11-19	[]	thank everyon cam sampl sal yesterday info fut ev reg email
5307537146511360	2010-11-18	[]	sampl sal today 4 72 gansevoort street nyc com
5008246335086592	2010-11-17	[]	ny sampl sal tomorrow 4 see
4593451077206017	2010-11-16	[]	women's limit men's avail ny sampl sal thursday detail
4592697083961344	2010-11-16	[]	resort collect avail next week day shop fal collect
4222275217784832	2010-11-15	[]	ny sampl sal thursday click detail invit
3149776514187265	2010-11-12	[]	com ny sampl sal next thursday novemb 18th 4 72 gansevoort street nyc detail
2407362564456448	2010-11-10	[]	thank everyon cam la sampl sal last night we'll ny sampl sal info lat today
2165855718735873	2010-11-10	[]	com
2104784962195456	2010-11-09	[]	hop see everyon la sampl sal today 5pm 3525 hayd av culv city ca 90232
2074893801750528	2010-11-09	[]	much look forward @therow's sampl sal
1744677564846080	2010-11-08	[]	@lepetittweet we'll dat loc soon
1742011447123968	2010-11-08	[]	la sampl sal tomorrow 5pm 3525 hayd av culv city ca 90232 cash credit card
659407717269504	2010-11-05	[]	get ready la sampl sal next tuesday 9th 3525 hayd av culv city 5pm see
29590875420	2010-11-03	[]	resort collect com soon row onlin shop limit fal styl stil avail hurry they're gon
29505662804	2010-11-02	[]	@chrismatthewmc ye we'll men sal
29505591650	2010-11-02	[]	@richquintero sunglass men
29503297151	2010-11-02	[]	we'll limit select men's avail sampl sal next tuesday detail
29415450888	2010-11-01	[]	la sampl sal next tuesday novemb 9th detail ny sampl sal info com soon
27865404601	2010-10-19	[]	gold avy sunglass feat tank magazin avail purchas
27781846050	2010-10-18	[]	shop entir @therow catalog shopstyl
27456753265	2010-10-15	[]	get fre ship ord 10 simply ent coupon cod freeship4fall checkout
26490789463	2010-10-05	[]	post spring sum 2011 look
26473885828	2010-10-05	[]	lov @therow spring 2011 collect video bing def watch twic already
26470995486	2010-10-05	[]	row spring sum 2011 collect video bing tak look let us know think
25995581373	2010-09-30	[]	gre artic us today behind row
25903578374	2010-09-29	[]	hey tweep get sneak peek @therow's spring 2011 film bing &lt; lik
25902135806	2010-09-29	[]	check teas video row spring sum 2011 film bing
24776378783	2010-09-17	[]	wool cashm plaid burford shirt avail row onlin shop
24162420003	2010-09-11	[]	that's tonight guy fun mary
24161675694	2010-09-11	[]	
24160894711	2010-09-11	[]	
24160520587	2010-09-11	[]	
24160205912	2010-09-11	[]	
24159964476	2010-09-11	[]	hi guy sorry receiv pic fno barney ashley
24156137784	2010-09-11	[]	excit mary
24151654886	2010-09-11	[]	way barney judg karaok ashley
24142882875	2010-09-10	['#fno', '#nyfw']	follow @therow upd ashley mary judg karaok w proenz liy keb tonight
24135218779	2010-09-10	[]	check row's fal 2010 shop video
24129119132	2010-09-10	[]	ashley mary tweet liv barney tonight follow @therow pleas rt
23945540699	2010-09-08	[]	ashley mary judg karaok proenz simon doon barney friday behalf row fash night
23940608243	2010-09-08	[]	row's first shop video feat styl
22123124848	2010-08-25	[]	congr sal sydney austral win leath motorcyc pant email signup contest contest com soon
21680428452	2010-08-20	[]	hour get 15% entir ord simply ent coupon cod shoptherow checkout
21509479142	2010-08-18	[]	day get 15% entir onlin purchas ent follow coupon cod checkout shoptherow
21347816541	2010-08-16	[]	forget reg win pair row leath leg click email signup contest end fri
21344629607	2010-08-16	[]	jenston tee avail purchas black dark plum iv hurry limit avail
20922885526	2010-08-11	[]	styl avail row onlin stor avail limit head
20902271807	2010-08-11	[]	reg email click email signup ent win pair row leath leg end 8
20573304973	2010-08-07	[]	thank @shopstyle
20573269981	2010-08-07	[]	@johnmervine men's off onlin start ss11
20573235418	2010-08-07	[]	@jnbowers84 we'r work mobl sit
20573175760	2010-08-07	[]	@chrismatthewmc men's off onlin start ss11 collect
20573059390	2010-08-07	[]	get 15% entir ord simply ent coupon cod checkout shoptherow hurry off expir 8
20499018764	2010-08-06	[]	check screen shot shop op
20491531373	2010-08-06	[]	row onlin stor op check
20420136348	2010-08-05	[]	gear row onlin stor launch tomorrow noon pst www
20245844420	2010-08-03	[]	row onlin stor off launch friday august 6th www stay tun info spec off
18388178111	2010-07-12	[]	row's ashland jean feat styl
18132469390	2010-07-09	[]	thank barney chicago window display lov
18072739231	2010-07-08	[]	gear launch row onlin stor august 1st stay tun upd
16788096009	2010-06-22	[]	ashley mary wear row wwd
16419928799	2010-06-17	[]	vog weigh row resort 2011
16402898134	2010-06-17	[]	row resort 2011 collect avail view therow http://www.therow.com/
16319419233	2010-06-16	[]	tak look row resort 2011 cov today's wwd
16312235608	2010-06-16	[]	resort 2011 collect @therow review @styledotcom
15206904258	2010-06-01	[]	check row ment jun issu baza
14319248895	2010-05-19	[]	row sampl sal tomorrow 4pm see
14256774368	2010-05-18	[]	la sampl sal two day who's com
13923279306	2010-05-13	[]	la sampl sal next thursday may 20th see invit hour loc pass
13857728185	2010-05-12	[]	row feat @styledotcom's styl hunt minim ev roundup
13505237834	2010-05-06	[]	gear la sampl sal stay tun info
13502678724	2010-05-06	[]	check row's off facebook pag
13088307518	2010-04-29	[]	bid @versace intern @ladygaga's piano cloth @therow @charitybuzz's auct @theartofelysiu
11429521358	2010-04-01	[]	visit stay tun @therow info
11429496464	2010-04-01	[]	much on pair sho child's lif bar sol @therow @tomsshoes april 8th on day without sho
11257075872	2010-03-29	[]	ree krakoff's shearl avy proenz schouler's crop swe @therow's long skirt fal ess
10679737296	2010-03-18	[]	join row tak immedy act
10679662379	2010-03-18	[]	would new york city lik without gar cent row support sav gar cent trad assocy
9871972087	2010-03-02	[]	inform collab gasp glov row fal 2010 @wmag
9725169211	2010-02-27	[]	also view fal wint 2010 backst video row's off youtub channel
9725081403	2010-02-27	['#med']	fal wint 2010 backst direct kt aulet http://www.therow.com/
9536742131	2010-02-23	[]	carey mullig wear look row fal 2010 collect
9258066688	2010-02-18	['#med']	video show http://www.therow.com/ stay tun
9257979042	2010-02-18	[]	fal wint 2010 runway im therow http://www.therow.com/
9148037928	2010-02-15	[]	learn beatrix ost
9074302914	2010-02-13	[]	sourc inspir
8909726415	2010-02-10	[]	catch @themoment new row's upcom pres
8908658745	2010-02-10	[]	welcom row's off twit stay tun new upd person account row team
