id	created_at	hashtags	cleaned_text
1092847034137280517	2019-02-05	[]	erdem spring '19 feat subscrib cov @bazaaruk styl mirand almond photograph alex lubomirsk
1092442057115947015	2019-02-04	[]	flor print sequin ad modern twist tradit styl emery dress
1092090389618667521	2019-02-03	[]	erdem spring 19 feat @marieclaireuk styl jayn pick photograph jasp abel
1091622303962664960	2019-02-02	[]	hand embroid flor mot metal ton discov evangelin gown
1091380756117667840	2019-02-01	[]	sculpt ear stat hair barret discov new access
1091029341922881538	2019-01-31	['#felicityjon']	wear erdem spring 19 @marieclaireuk styl jayn pick photograph oliv malon
1090686219904679936	2019-01-30	[]	behind scen expl pre spring 19 collect
1090338851778744320	2019-01-29	[]	erdem spring '19 feat @voguerussia styl svet vashenyak photograph frankiewicz &amp; rozniat
1089934950961434624	2019-01-28	[]	fasset dream print seen throughout pre spring 19 collect rev arch design discov collect
1089508445622018048	2019-01-27	[]	shop runway piec wint sal onlin
1089161127303540736	2019-01-26	[]	erdem spring 19 feat @vogue_italia styl jacob photograph josh olin
1088828880033583104	2019-01-25	[]	discov flor print pre spring 19 collect
1088398536708747264	2019-01-24	[]	complet outfit pre spring 19 sho
1088137560143134720	2019-01-23	[]	erdem spring 19 feat @vogue_italia styl georg tal photograph scandeberg
1087760580054798337	2019-01-22	[]	expl wint sal shop favourit piec 60%
1087402091885326336	2019-01-21	[]	erdem spring 19 feat @voguerussia styl svet vashenyak photograph frankiewicz rozniat
1087001849650204672	2019-01-20	[]	discov new access
1086563998563254273	2019-01-19	[]	pre spring 19 detail shop collect 70 sou audley street london
1086292239574274048	2019-01-18	['#saoirseron']	wear erdem spring 19 @bazaaruk styl lei clark photograph erik madig heck
1085914825962725378	2019-01-17	[]	feat cryst pearl embel elev look sculpt ear
1085605151476465665	2019-01-16	[]	polk dot tul feminin ruffl look mirabel gown next ev
1085590208685490176	2019-01-16	[]	nineteen century flor stil lif art inspir behind dutch pet print
1084736912869466112	2019-01-14	[]	expl flor print pre spring 19 collect
1084450065425616896	2019-01-13	[]	wint sal continu shop reduc onlin
1084027301707296768	2019-01-12	[]	exclud erdem delany pyjama combin class stripes sign paint flor shop onlin
1083755528034140160	2019-01-11	[]	build wardrob elev sep discov pre spring 19 collect
1083353624019984384	2019-01-10	[]	mak stat sculpt jewellery discov season access
1083071332894625793	2019-01-09	['#erdemss19']	erdem spring 19 feat @vogueportugal styl rachel bakewel photograph in lekiewicz
1082332508992217096	2019-01-07	[]	shop reduc erdem wint sal
1081943488034471936	2019-01-06	[]	discov flor print pre spring 19 collect
1081475530833186817	2019-01-05	[]	rosamund pik wear erdem pre spring 19 @marieclaireuk shop mirabel gown styl jayn pick photograph david burton
1081245450072739849	2019-01-04	[]	behind scen discov pre spring 19 collect
1080519353144168448	2019-01-02	[]	expl pre spring 19 sho
1080040989887287297	2019-01-01	[]	happy new year discov latest ar
1079678598125142017	2018-12-31	[]	behind scen discov pre spring 19 collect
1079391848161050630	2018-12-30	[]	dutch pet print tak inspir nineteen century flor stil lif art
1078938774585987072	2018-12-29	[]	expl pre spring 19 jewellery collect onlin 70 sou audley street london
1078576350812925952	2018-12-28	[]	hand fril discov evangelin gown
1078334940440350721	2018-12-27	[]	countdown new year ev look edit dress
1077881782945628160	2018-12-26	[]	perfect suit occas dress look mirabel dress season
1077504240162164737	2018-12-25	[]	happy holiday
1077173629438304256	2018-12-24	[]	erdem wint sal start shop 60% onlin 70 sou audley street london
1076870074215079937	2018-12-23	[]	elev look stat ear season
1076402089109188610	2018-12-22	[]	shop look autumn 18 show 70 sou audley street london
1076054753757589505	2018-12-21	[]	behind scen discov autumn 18 collect
1075767962957688833	2018-12-20	[]	erdem autumn 18 jacket feat sunday tim styl wint fash spec discov jasp jacket styl ver park photograph ward iv rafik
1075436800167030785	2018-12-19	['#emilyblunt']	wear pre spring 19 mary poppin return premy new york shop ful collect onlin stor 70 sou audley street london
1074726095746932738	2018-12-17	[]	look int embroidery high hemlin cocktail dress season discov christy dress
1074325538075013120	2018-12-16	[]	shop look 18 autumn 18 show
1073872047384748032	2018-12-15	['#erdemps19']	erdem pre spring 19 feat @harpersbazaarus onlin shop mirabel gown styl simon robin photograph mariano vivanco
1073578483450867713	2018-12-14	[]	expl erdem gift edit 70 sou audley street london
1073277128450428934	2018-12-13	[]	look dianth dress party season
1073273216351780866	2018-12-13	[]	fel jon philip joseph erdem moralioglu feat @voguemagazine styl lucind chamb photograph paul wetherel
1072889209042690048	2018-12-12	['#erdemaw18']	erdem autumn 18 dress feat harp baza arab shop brien dress styl tatian cinquino photograph eniko szuc
1072562547801362433	2018-12-11	[]	behind scen discov autumn 18 collect
1072198953842720770	2018-12-10	['#erdemaw18']	erdem autumn 18 feat @numeromagazine frant styl bern buscato photograph txem yest
1071690970209705984	2018-12-09	['#erdemps19']	gemm ward wear erdem pre spring 19 harper's baza austral styl naom smi photograph georg anton
1071049764651839488	2018-12-07	[]	expl latest ar pre spring 19 collect
1070661432033849344	2018-12-06	[]	feat houndstoo check punctu red acc discov jasp jacket
1070333111051960321	2018-12-05	[]	erdem autumn 18 shop ful collect 70 sou audley street london
1070322540642557960	2018-12-05	['#erdempf19']	introduc erdem pre fal '19 lookbook styl lucind chamb photograph sam rock model annibel baez jamy meur hair adam ree l'ore mak ciar o'shea
1069996674339258368	2018-12-04	['#erdemaw18']	erdem autumn 18 feat vog chin styl regin chan photograph turkin faso
1069516652549734401	2018-12-03	[]	class pencil skirt reimagin flor sequin pre spring 19 shop tahir skirt
1069244896786214913	2018-12-02	[]	backst erdem autumn 18 show shop dress
1068791911597654016	2018-12-01	[]	adel astair eld sist dant partn fred astair mus autumn 18 discov collect 70 sou audley street
1068538041210425346	2018-11-30	[]	polk dot tul feminin ruffl mirabel gown ar
1068537284507680768	2018-11-30	[]	stay touch sign erdem newslet limit tim receiv 10% pre fal autumn wint 18 collect
1067832633680429056	2018-11-28	[]	discov pre spring 19 collect
1067120408376369156	2018-11-26	['#erdemaw18']	erdem autumn 18 feat revu magazin styl jack borket photograph benjamin vnuk
1066723269460537346	2018-11-25	['#erdemaw18']	erdem autumn 18 feat vog arab shop almed coat styl katy trot photograph silj mag
1066391051953410048	2018-11-24	[]	reminisc 1920s brien dress feat polk dot tul silv sequin ostrich feath trim find perfect party dress
1066255186270785536	2018-11-24	[]	emy blunt wear erdem pre spring 19 @voguemagazine discov new collect styl tabith simmon photograph anny leibovitz
1066033465328570369	2018-11-23	[]	sculpt shap cryst embel shop stat ear
1065560605724004352	2018-11-22	['#erdemaw18']	erdem autumn 18 feat docu journ styl lou ford photograph markn
1065316196587835394	2018-11-21	['#erdemps19']	erdem pre spring 19 feat tim luxx styl soph goodwin photograph ol stalm
1064532332487561216	2018-11-19	['#emmaston', '#erdemwom']	wear spring '19 fox searchlight holiday party
1064171510406017024	2018-11-18	[]	erdem autumn 18 feat @desphosphenes styl tiffan william photograph rodrigo cid
1063733557963706368	2018-11-17	[]	expl access 70 sou audley street london
1063483901253959681	2018-11-16	['#gillianwear', '#erdemaw18']	wear autumn 18 skirt @bazaaruk styl charlot davey photograph richard phib
1063174814192537602	2018-11-15	[]	erdem autumn 18 look 33 look 34 feat @twin_magazine shop collect styl margherit moro photograph scot trindl
1062710530589237249	2018-11-14	[]	stat ear inspir mus adel astair shop access
1062404925400014848	2018-11-13	[]	cold season discov twee flor cap autumn wint 18 collect
1061876353488900101	2018-11-12	[]	london head erdem sampl sal today tomorrow shop on sampl sign styl siz rang 16 85%
1061664944054247424	2018-11-11	[]	erdem autumn wint 18 feat @thevioletbook discov stat dress styl rachel bakewel photograph in lekiewicz
1061272392822071297	2018-11-10	[]	almed coat elev via gilt flor jacquard discov ful collect
1061196813653499904	2018-11-10	[]	erdem autumn wint 18 feat @offblackmag shop brien dress styl lulu wentwor photograph alec mcleish
1060947763662340097	2018-11-09	[]	discov new collect ar
1060923572250525696	2018-11-09	[]	shop 85% past season stock on sampl sign styl siz rang 16 erdem sampl sal london find detail
1059878278406791168	2018-11-06	['#erdemwom']	@adwoaaboah_ wear erdem spring '19
1059369763963580416	2018-11-05	[]	erdem autumn wint 18 suit feat @crfashionbook shop collect styl andres skok photograph yumn al
1058873216469516288	2018-11-04	[]	influ story adel astair discov autumn wint 18 collect 70 sou audley london
1058721464910823424	2018-11-03	[]	erdem pre spring 19 ar expl new collect
1058343060776644608	2018-11-02	[]	erdem autumn wint 18 feat @offblackmag shop zelen dress styl lulu wentwor photograph alec mcleish
1058041232293797889	2018-11-01	[]	feath twee stand cryst embel com togeth autumn wint 18 collect discov season styl
1057692259595046912	2018-10-31	[]	erdem autumn wint 18 feat @fashioncanada expl collect styl eliz grossm photograph daniel picard
1057255843769528320	2018-10-30	[]	erdem autumn wint 18 feat @bazaaruk discov jasp jacket styl char harrington photograph agat pospieszynsk
1056963498851401728	2018-10-29	[]	inspir 1920s look erdem jewellery collect season shop
1056580120566214656	2018-10-28	[]	inspir story adel astair discov autumn 18 dress
1056214095890972673	2018-10-27	[]	sleek tail herit check combin mak jasp jacket get look
1055821426316468224	2018-10-26	[]	erdem autumn 18 feat harp baza poland styl kar beck photograph in lekiewicz
1055810629603340293	2018-10-26	[]	erdem pre spring 19 discov collect styl lucind chamb photograph sam rock
1055483118780665857	2018-10-25	[]	carw dress first seen autumn 18 runway @npglondon
1055117379557081089	2018-10-24	[]	backst erdem autumn 18 show shop almed coat
1054704002724696065	2018-10-23	[]	erdem autumn 18 tail feat @thegentlewoman shop jasp jacket styl jonath kay photograph karim sadl
1054356723862065152	2018-10-22	[]	discov styl autumn 18 runway
1054009475995189248	2018-10-21	['#erdemaw18']	erdem autumn 18 feat @graziauk styl rachel bakewel photograph in lekiewicz
1053571649197477889	2018-10-20	[]	erdem autumn 18 collect shot @npglondon
1053307295235489793	2018-10-19	[]	look almed coat herit check thought turn cold dress
1052898640702963713	2018-10-18	['#erdemps19']	erdem pre spring 19 knit feat @i_d styl al goddard photograph theo sion
1052610490428510208	2018-10-17	[]	switch everyday wardrob stat ear
1052152291539804160	2018-10-16	['#erdemaw18']	erdem autumn 18 feat lul jap styl man yamamoto photograph maxim imbert
1051834535862779904	2018-10-15	[]	discov it knit luxury text cold month
1051472713989144577	2018-10-14	[]	sequin silv cryst iv pearl embel detail autumn 18 collect
1051034858166849537	2018-10-13	[]	mak stat season brien dress
1050780273393238017	2018-10-12	[]	inspir mus adel astair jewellery collect expl autumn 18 access
1050704410844831744	2018-10-12	['#denisegough', '#erdemwom']	wear erdem spring '19 'colette' film premy
1049978034508505088	2018-10-10	[]	backst erdem autumn 18 show @npglondon expl dress 70 sou audley street london
1049585312828194816	2018-10-09	[]	expl autumn 18 runway plu sign newslet stay dat
1049253216620351491	2018-10-08	[]	ad fin touch ev look stat ear discov ful collect 70 sou audley street london
1048936112255881216	2018-10-07	[]	adel astair eld sist dant partn fred astair mus autumn 18 expl collect
1048498203157520384	2018-10-06	[]	erdem autumn 18 feat luncheon magazin discov brien dress styl beatbollig photograph amit israel
1048255438347800576	2018-10-05	['#amandlastenberg', '#erdemps19']	wear erdem pre spring '19
1048177175755706368	2018-10-05	[]	temp drop look meriel cardig season
1047886790676373504	2018-10-04	['#clairefoy']	wear erdem pre fal 18 @guardianweekend styl mel wilkinson photograph brend freem
1047509446220554240	2018-10-03	['#friezeweek', '#erdemaw18']	start erdem autumn 18 feat cov @friezeartfair magazin shop look styl lyson marchessault photograph jeff boudreau
1047167183095259137	2018-10-02	[]	inspir mus adel astair 1920s jewellery stag day discov erdem access
1046716566048591873	2018-10-01	[]	erdem autumn 18 collect shot @npglondon discov ful collect 70 sou audley street london
1046414455322669056	2018-09-30	[]	season collect illust adel astair lif stag car pearl embel polk tul togeth twee cap becam chatelain discov autumn 18
1045961409673220096	2018-09-29	['#erdemaw18']	erdem autumn 18 feat jan magazin styl el wit photo cleo glov
1045629270142398464	2018-09-28	[]	upd cold lin almed coat imagin adel ros jacquard nam mus adel astair
1045285743076290562	2018-09-27	[]	detail erdem spring 19 show expl look
1043566135051014145	2018-09-22	['#erdemss19']	backst erdem spring 19 show expl look watch show
1043172905952178177	2018-09-21	['#kristinscottthoma', '#annabrewst', '#erdemss19']	@sheila_atim @zaweashton front row erdem spring 19 show discov collect
1041747681834663940	2018-09-17	['#erdemss19', '#lfw']	erdem spring 19 show @npglondon discov ful collect
1041599010434424833	2018-09-17	['#erdemss19']	join us today instagram 11 bst liv stream erdem spring 19 show @npglondon
1041373289338286082	2018-09-16	['#erdemss19']	monday 17 septemb 2018 11 bst watch show liv tomorrow @npglondon instagram
1028197757830537216	2018-08-11	['#erdemaw18']	com soon erdem autumn wint '18 collect
1027892739478876162	2018-08-10	['#erdemaw18']	@cindycrawford wear autumn wint '18 erdem noel stewart polk dot veil @tatlermagazine photograph yutsa styl soph goodwin
1026866654112899072	2018-08-07	['#erdemaw18']	com soon erdem autumn wint 18 collect
1025306233635590149	2018-08-03	['#erdemcampaign']	introduc erdem campaign shot photograph sam rock styl lucind chamb preview pre spring 2019 collect campaign feat model alyss tra fed bet
1025035561323687937	2018-08-02	['#erdemaw18']	autumn wint 18 erdem collect feat @elleuk photograph quentin jon styl theophil hermand
1024218430101237761	2018-07-31	[]	erdem pre fal '18 expl new ar collect 70 sou audley street london
1024217289762250752	2018-07-31	[]	@londonfashionwk saw vary bold print across catwalk includ @erdem @houseofholland &amp; richard quin disc
1021675593291759616	2018-07-24	['#aw18']	thank @erdem @gucci @mulberryengland chintzy dress becom peren favourit
1021675449427128321	2018-07-24	['#newg']	@londonfashionwk septemb 2018 provid schedule onlin highlight includ excit lin bfc rec
1021027489886425088	2018-07-22	['#erdempf18']	erdem pre fal '18 collect feat @voguemagazine photograph martin par styl ton goodm
1020351767488475137	2018-07-20	['#erdemaw18']	erdem autumn wint 18 collect feat @voguemagazine photograph jamy hawkeswor styl camill nickerson
1016648129821790208	2018-07-10	['#erdem', '#ss18']	fin reduc erdem sum sal avail 70 sou audley street london
1015213006819651584	2018-07-06	['#britishvog']	thrilled ask edward team cre gown @oprah first cov shoot us
1014885557254742018	2018-07-05	[]	august @britishvogue cov story @oprah wear mad green jacquard gown brooch jewel sh
1014884523618848768	2018-07-05	['#erdem', '#aw18']	@oprah wear mad autumn wint 2018 erdem gown jewel sho whilst interview edit @edward_enninful august issu @britishvogue
1014858092331388930	2018-07-05	['#erdem', '#aw18']	@oprah wear erdem autumn wint '18 august issu @britishvogue whilst interview @edward_enninful
1014856716389928960	2018-07-05	['#erdem', '#aw18']	@oprah wear mad autumn wint 2018 erdem gown jewel sho august issu @britishvogue styl @edward_enninful photograph mert ala mac piggot
1014854375175532544	2018-07-05	[]	erdem twin sist @sarajuliem feat august issu @britishvogue interview sarah mow styl @gianlucalongogg photograph estel hanan sar wear look 16 'verna' dress erdem autumn wint '18
1014457339532009472	2018-07-04	['#erdem', '#pf18']	pre fal 18 erdem collect feat @thecut photograph luca michael styl @chupsterette
1012653002216411137	2018-06-29	['#erdem', '#ss18']	reduc erdem sum sal avail 70 sou audley street london
1011920642453770240	2018-06-27	['#erdem', '#ps19']	erdem pre spring 19 inspir not ag memory; collect juxtaposit ecc feminin expl ful lookbook
1010858110293102592	2018-06-24	['#erdem', '#pf18']	behind scen detail erdem pre fal 2018 collect avail 70 sou audley street
1010503634768015361	2018-06-23	['#erdem', '#pf18']	behind scen erdem pre fal 2018 collect avail 70 sou audley street
1010104394082332672	2018-06-22	[]	see complet @erdem resort 2019 fash show
1010103991127150592	2018-06-22	[]	last night celebr on favourit plac london @v_and_a two favourit wom london cath
1009722881067057152	2018-06-21	['#erdem', '#pf18']	erdem pre fal 18 collect look 26 discov new ar 70 sou audley street london
1009022779394547712	2018-06-19	['#erdem', '#pf18']	erdem pre fal 18 collect look 14 discov new ar 70 sou audley street london
1008641323216367617	2018-06-18	['#erdem', '#ss18']	erdem sum sal avail 70 sou audley street london
1008296812132945920	2018-06-17	['#erdem', '#pf18']	erdem pre fal 18 collect look 16 feat @bonmagazine photograph jess laitin styl christina ahlberg
1008280240894996480	2018-06-17	['#erdem', '#ss18']	erdem sum sal avail 70 sou audley street london
1007565664125636609	2018-06-15	['#erdem', '#ss18']	erdem sum sal avail 70 sou audley street london
1005029644314300416	2018-06-08	[]	read erdem pre spring '19 collect review
964468748248928256	2018-02-16	['#erdem', '#ss18']	feat port spring issu photograph rory van mil styl cathy kasterin
956947744442277888	2018-01-26	['#ps18']	pre spring 2018 avail 70 sou audley street
953594763177062406	2018-01-17	['#erdem', '#ss18']	feat @elleuk febru issu photograph liz collin styl an curt
951408833020211201	2018-01-11	[]	swath sky silk embroid iv bloom bel bal @erdem dream gown htt
950796258255523842	2018-01-09	['#erdem', '#ss18']	feat @ellecanada febru issu photograph picard styl veron delisl
944249302867763200	2017-12-22	['#erdemfl']	erdem wint sal avail 70 sou audley street
942704562615570433	2017-12-18	[]	suit skirt sequin best partywear altern fest season @erdem
940917953645760513	2017-12-13	['#pf18']	pre fal 2018 collect view ful collect
938138303081086977	2017-12-05	['#pf18']	pre fal 2018 behind scen
935651755978829829	2017-11-28	['#erdem', '#ps18']	feat @elleuk decemb issu photograph liz collin styl an curt
931185017056911360	2017-11-16	['#erdem', '#erdemfl']	pre spring 2018 avail 70 sou audley street
926524264995573760	2017-11-03	['#erdem', '#ss18']	carey mullig wear spring sum 2018 @bazaaruk wom year award
923204480765779968	2017-10-25	['#aw17']	autumn wint edin gown avail 70 sou audley street
922949046481948672	2017-10-24	['#erdem', '#erdemxhm']	@hm show
921332511954948096	2017-10-20	['#erdemxhm']	show brought hollywood
920357242133798912	2017-10-17	['#erdem', '#erdemxhm']	@hm campaign photograph mich pudelk styl mattia karlsson
918961069154095105	2017-10-13	['#erdem', '#erdemxhm']	@hm collect launch 2nd novemb
918839426549276672	2017-10-13	['#forcesoffash']	pleas speak yesterday @voguemagazine forc fash conf new york photograph corey tenold
917796020041539585	2017-10-10	['#erdem', '#aw17']	feat vog octob issu
909835599993016321	2017-09-18	['#ss18']	spring sum 2018 view ful collect
909481064787271680	2017-09-17	['#erdem', '#ss18']	watch spring sum 2018 show liv tomorrow 11am
907687796491644928	2017-09-12	['#aw17']	inspir behind autumn wint 2017 collect avail
907290926673997826	2017-09-11	['#erdem', '#aw17']	feat @townandcountry autumn issu photograph richard phib styl mirand almond
905137558690177025	2017-09-05	[]	behind scen autumn wint 2017 show discov ful collect
903004936144900096	2017-08-30	['#erdem', '#aw17']	feat magazin septemb issu photograph dyl styl giovann battagl engelbert
901115252099747842	2017-08-25	['#erdem', '#aw17']	feat mary clair uk septemb issu photograph jasp abel styl tiffany fras steel
900386214490107904	2017-08-23	['#erdem']	@selfridges pop op sunday 15th octob
899317380693852160	2017-08-20	['#erdem', '#aw17']	feat @voguemagazine septemb issu photograph er bom last look virgin smi
897151933475115008	2017-08-14	['#erdem', '#pf17']	feat harper's baza kazakhst july issu photograph kiny styl ann kats
896026803030065152	2017-08-11	['#erdem']	unpol magazin feat issu 3 photograph agat pospieszynsk styl in lekiewicz
895293546961481728	2017-08-09	['#erdem']	night autumn wint 2017 show photograph
894920694483628032	2017-08-08	['#erdem', '#aw17']	feat @telva august issu photograph toma de la fuent styl jul mart
893473104059650050	2017-08-04	['#pf17']	pre fal 2017 avail 70 sou audley street
893470969477705728	2017-08-04	['#forcesoffash']	thrilled part erdem
893049621341249536	2017-08-03	['#erdem', '#aw17']	feat cov @thecut august issu photograph robert maxwel styl @rebeccarams
891966273378242560	2017-07-31	['#erdem', '#aw17']	feat vog august issu photograph @cocoladas styl @paolozagoreo
888745350542110720	2017-07-22	['#erdem', '#pf17', '#siennamil']	sienn mil wear pre fal 2017 london
888393377204580352	2017-07-21	['#erdem']	el uk feat autumn wint 2017 august issu photograph liz collin styl an curt
887295915182182401	2017-07-18	['#erdem', '#pf17']	magazin feat soph turn wear pre fal 2017 photograph col sprouse styl ryan foulk
885917803315961862	2017-07-14	['#jourdandun', '#erdem']	vog arab feat wear pre fal 2017 august issu photograph cuneyt akeroglu styl konc ayk
885519810083344386	2017-07-13	['#erdemxhm']	com soon erdem h&amp;m story direct baz luhrman stay tun
884418645996314625	2017-07-10	['#pf17']	pre fal 2017 avail 70 sou audley street
884411344375746561	2017-07-10	[]	latest aesthet @erdem moralioglu favourit thing plac
881860853989068801	2017-07-03	[]	glamo mexico feat lily collin wear spring sum 2017 july issu photograph rachel smi styl christine bak
880468419337998336	2017-06-29	[]	celebr mayfair art weekend erdem stor op 10am friday 30th jun liv portrait draw 6
880410542694952960	2017-06-29	['#erdem']	stacy martin wear autumn wint 2017 serpentin sum party
877101756253163521	2017-06-20	['#ps18', '#erdem']	introduc erdem pre 2018 collect
875723391227092994	2017-06-16	['#moreincommon', '#greatgettogeth']	join us celebr fact weekend get involv
872502167952912384	2017-06-07	['#erdem']	nicol kidm wear autumn wint 2017 glamo wom year award last night
872374204410331136	2017-06-07	['#erdem']	vog arab feat pre fal 2017 cov jun issu photograph greg kadel styl paul cavaco
870668867504394241	2017-06-02	['#erdemfl', '#pf17', '#erdembt']	erdem pre fal 2017 avail erdem flag 70 sou audley street
863076517672349696	2017-05-12	['#erdem']	harp baza uk feat pre fal 2017 jun issu photograph erik madig heck styl lei clark
861613913355563008	2017-05-08	[]	erdem sampl sal 9th &amp; 10th may 2017 mus room london w1k 5lf
860204397724413953	2017-05-04	['#mfxerdem']	exclud erdemxmatchesfash eight caps collect launch today @matchesfashion
859479441529065475	2017-05-02	['#metgal', '#metkawakubo']	dat fel jon clair foy attend met gal last night new york @metmuseum @voguemagazine
855076235311009792	2017-04-20	['#erdemxmatchesfash']	excit annount collab @matchesfashion
849921031502528512	2017-04-06	[]	thrilled design costum roy ballet 2018 program ev thrilled work tal christopher wheeldon
847412497237680129	2017-03-30	['#wearingerdem']	rosamund pik wear spring sum 2017 portrait gal
836538258242818050	2017-02-28	['#erdemgirl']	fel jon wear autumn wint 2017 van fair osc party
834452784724455425	2017-02-22	[]	din capt world @erdem on prec beauty wild underton
834452707410845696	2017-02-22	[]	would katniss everdeen wear @erdem look
834429915822960640	2017-02-22	['#lfw', '#aw17']	el bamb attend autumn wint 2017 show thank @bentleymotors
834377641025212417	2017-02-22	['#aw17', '#lfw']	stun din mag night thank @selfridges @bentleymotors
833751066898468864	2017-02-20	['#lfw', '#erdembt', '#aw17', '#erdem']	backst erdem autumn wint 2017
832932897292185600	2017-02-18	['#erdemgirl']	thandy newton wear erdem pre fal 2017 monday night pres 'british design year' el styl award
818438319088553984	2017-01-09	['#erdemgirl']	congrat clair foy win best actress televid dram @goldenglobes wear custom pre fal 2017 gown
798907862286270464	2016-11-16	['#shop']	liv real lif fairy tal @erdem embroid organz cap see treas
794506144085577728	2016-11-04	[]	erdem sampl sal 7th &amp; 8th novemb 2016 mus room london w1k 5lf
793406442543935488	2016-11-01	['#bazaaraward']	actress ell purnel look beauty flor @erdem gown ht
791942284480688129	2016-10-28	['#erdemgirl', '#fginy']	ruth wilson wear erdem spring sum 2017 look 10 fash group intern award 2016 new york
791584764159549440	2016-10-27	['#erdem', '#kateyoung', '#felicityjon', '#ss17', '#erdemgirl']	fel jon spring sum 2017 inferno premy los angel thank
786266693664251904	2016-10-12	['#lfw']	illust @erdem @agenualdo
786266331645669376	2016-10-12	[]	@erdem's spring dress frothy rom churn sea paint fram set
786266085532151808	2016-10-12	['#fash', '#pfw']	insid count revers embroidery @erdem
786265993442013184	2016-10-12	[]	braid bun feat ss17 @erdem show anthony turn combin pli wild styl
785540943025954816	2016-10-10	['#queenofkatw']	lit laugh loud @jimmykimmel see tonight @jimmykimmellive
777976384476045312	2016-09-19	['#erdem', '#erdembt', '#ss17', '#lfw']	spring sum 2017
777905785447866368	2016-09-19	['#erdembt', '#lfw', '#ss17', '#erdem']	backst
777879003248156672	2016-09-19	['#erdembt', '#lfw', '#erdem', '#ss17']	first look backst
777849787056058368	2016-09-19	['#erdem', '#ss17', '#lfw']	fin
777831759102836736	2016-09-19	['#lfw', '#erdembt', '#ss17', '#erdem']	first look backst erdem spring sum 2017
777536689594073088	2016-09-18	[]	erdem spring sum 2017 tomorrow monday 19 septemb watch show liv
764063323700670466	2016-08-12	['#erdem', '#aw16', '#victor', '#erdemgirl']	jenn colem premy thank @jenna_coleman_ @rebeccacorbinmurray
747393254379950085	2016-06-27	['#erdem', '#ss16']	@voguespain feat spring sum 2016 photograph emm tempest styl marin gallo
745649229746569221	2016-06-22	[]	town &amp; country feat erdem pre 2016 photo koto bolofo styl char harrington @townandcountry
743853072082997249	2016-06-17	[]	spring sum 2016 sal shop erdem's spring 2016 season 40% stor onlin
740873809880834048	2016-06-09	['#erdem', '#ss16']	oliv palermo wear spring summer'16 jun issu @harpersbazaarmx @oliviapalermo
738322781981532160	2016-06-02	['#ps17']	pre 2017 discov ful collect
736247341821353985	2016-05-27	['#mytxerdem', '#ven', '#erdemgirl']	alex chung din last night wear autumn wint 2016 @alexa_chung
736178835822120961	2016-05-27	['#mytxerdem', '#amanv']	look din last night @mytheresa_com
736132086550134785	2016-05-27	['#mytxerdem', '#mytheres', '#ven']	enrout din @caroissa @alexa_chung
736130094440296448	2016-05-27	['#mytxerdem', '#ven', '#erdemgirl']	keir knightley attend din wear 2016 @mytheresa
735786826074488837	2016-05-26	['#mytxerdem', '#ven']	peggy guggenheim gondol look forward din ev @mytheresa
732158468992434176	2016-05-16	['#erdem', '#vogue100', '#lucindachamb']	prefall'16 @britishvogue cent issu styl photo @mariotestino
727548603657555968	2016-05-03	['#erdem', '#manusxmachin', '#metgal', '#erdemgirl']	juno templ wear new york
725735543875756032	2016-04-28	"['#sakshouston', ""#saks'""]"	4 @erdem @tjmargot &amp; bobby dee celebr revamp houston stor op april 28
719526281449234432	2016-04-11	['#erdem', '#erdemgirl', '#aw16']	emil clark wear autumn wint 2016 gam thrones premy @emiliaclarke
719524648451469312	2016-04-11	['#voguecol']	@erdem tak
716976828259438592	2016-04-04	[]	exclud duba @erdem moralioglu every bit dynam direct label
709706818801500160	2016-03-15	[]	@erdem @sothebys din last night celebr exhibit contemp london cur sal
709662732308639744	2016-03-15	"[""#erdem's"", '#erdemcuratessotheby']"	chris ofil untitl 2003 on select @sothebys contemp cur
709661447295528960	2016-03-15	"[""#erdem's"", '#erdemcuratessotheby']"	josef alb study hom squ on @sothebys contemp cur select
709660656128155649	2016-03-15	"[""#erdem's"", '#erdemcuratessotheby']"	thoma ruff subst 29 ii 2006 on select @sothebys contemp cur
709659823323930624	2016-03-15	"[""#erdem's"", '#erdemcuratessotheby']"	@theststyle feat cur @sothebys contemp cur sal 10 today
707982344628654080	2016-03-10	['#erdem']	vog uk @britishvogue feat spring sum '16 photo vint van de wijngaard styl lucind chamb
707185214364196866	2016-03-08	[]	rom flor @erdem look haunt beauty
705457798923083776	2016-03-03	['#erdem', '#lfw']	buttonfruit @b_kaykara paint london fash week @showstudio ink pap autumn wint 2016
702914657674248193	2016-02-25	['#erdemcuratessotheby']	discov @erdem's art sid
702912156610785280	2016-02-25	['#erdem', '#lfw', '#erdembt', '#aw16']	behind scen autumn wint 2016 show
702903916686667780	2016-02-25	['#erdem', '#lfw', '#erdemgirl']	alex chung wear pre 2016 autumn wint 2016 show @alexa_chung
702903673215647744	2016-02-25	['#erdem', '#lfw', '#aw16', '#erdemgirl']	keir knightley wear autumn wint 2016 party
701831323841859585	2016-02-22	['#erdem', '#aw16', '#erdembt', '#lfw']	fin
701831121907142657	2016-02-22	['#lfw']	@suzymenkesvogue report @erdem the innoc
701796213126012930	2016-02-22	['#lfw', '#erdembt', '#aw16', '#erdem', '#runwayinmot']	erdem autumn wint 2016
701791208323031040	2016-02-22	['#lfw', '#erdembt', '#aw16', '#erdem']	erdem autumn wint 2016
701790970468286464	2016-02-22	['#lfw', '#erdembt', '#aw16', '#erdem']	look 28 backst erdem autumn wint 2016
701779500535828482	2016-02-22	['#lfw', '#erdembt', '#aw16', '#erdem']	look 18 backst erdem autumn wint 2016
701756312175120384	2016-02-22	['#lfw', '#erdembt', '#aw16', '#erdem']	first look backst erdem autumn wint 2016
701741975075209216	2016-02-22	['#erdembt', '#lfw', '#erdem', '#aw16']	set erdem autumn wint 2016
699158921001443330	2016-02-15	[]	@erdem pres diff typ show march
699158465273585665	2016-02-15	['#baft']	@dreelovechild look dre @erdem tonight
694599819243954176	2016-02-02	['#erdem', '#ppzmovie', '#ss16']	lily jam wear spring sum 2016 premy london
693584738888609792	2016-01-31	['#erdem', '#erdemgirl', '#sagaward']	kiern shipk wear pre 2016 screen act guild award @kiernanshipka
688016164820221952	2016-01-15	[]	handbound book cov dress fabr studio fri @erdem 10th annivers celebr
686528403873378304	2016-01-11	['#erdembook']	p observ richard avedon com trum capot mrs william paley &amp; glor vanderbilt
685410526231277569	2016-01-08	['#erdem', '#goldenglob', '#cateblanchet', '#ss16', '#erdemgirl']	cat blanchet wear spring sum 2016 @wmag's party
684062789976092672	2016-01-04	['#erdem', '#palmspr', '#wearingerdem', '#erdemgirl', '#pf16']	alic vikand wear pre palm springs film fest
678908323111043072	2015-12-21	[]	check sundsb @erdem's fash film commem brand's first decad
676904701519089664	2015-12-15	[]	celebr 10 year @erdem new fash film sundsb
674245418834894849	2015-12-08	['#erdem', '#10years', '#s2gallery']	thank @sothebys help celebr
673882930284912640	2015-12-07	[]	view entir @erdem pre 2016 collect
672873849650827264	2015-12-04	['#periscop']	liv liv design @erdem
672872978854649860	2015-12-04	['#s2', '#london', '#fash', '#photograph']	@erdem tak gallery champagn high
672465502762070016	2015-12-03	['#solvesundsbo']	ten year ten semin outfit ten photograph find
672166560119787521	2015-12-02	['#guineverevanseen', '#solvesundsbo', '#erdemx', '#annivers', '#10years']	year spring sum 2006
672166220657987584	2015-12-02	['#guineverevanseen', '#solvesundsbo', '#erdemx', '#annivers', '#10years']	year ii spring sum 2007
672053908076892160	2015-12-02	['#guineverevanseen', '#solvesundsbo', '#erdemx', '#annivers', '#10years']	year ii autumn wint 2006
672053528874131456	2015-12-02	['#guineverevanseen', '#solvesundsbo', '#erdemx', '#annivers', '#10years']	year ii spring sum 2007
671764551512268801	2015-12-01	['#guineverevanseen', '#solvesundsbo', '#erdemx', '#annivers', '#10years']	year ii spring sum 2007
671753650692358145	2015-12-01	['#guineverevanseen', '#solvesundsbo', '#erdemx', '#annivers', '#southaudleystreet', '#mayfair']	year iv autumn wint 2008
671416611933417472	2015-11-30	['#guineverevanseen', '#solvesundsbo', '#erdemx', '#10years']	year autumn wint 2009
671380203382419456	2015-11-30	['#guineverevanseen', '#solvesundsbo', '#erdemx', '#annivers']	year vi spring sum 2011
671379492334628864	2015-11-30	['#guineverevanseen', '#solvesundsbo', '#70southaudleystreet', '#erdemx', '#annivers']	year vii spring sum 2012
670639496673804288	2015-11-28	['#guineverevanseen', '#solvesundsbo', '#70southaudleystreet', '#erdemx', '#10yearanniversary']	year vii autumn wint 2012
670208284670980096	2015-11-27	['#guineverevanseen', '#solvesundsbo', '#erdemx']	year ix autumn wint 2013
669966014105444352	2015-11-26	['#guineverevanseen', '#solvesundsbo', '#erdemx']	year spring sum 2015
669932757129297921	2015-11-26	['#solvesundsbo']	countdown 10 year annivers begin on week go project collab
669139020845293569	2015-11-24	"['#wearingerdem', ""#bfa's""]"	@alexa_chung spring sum 2016 last night's pres erdem est award
669138659938037760	2015-11-24	['#wearingerdem', '#bfa']	erdem dat kat boswor spring sum 2016 @katebosworth
668890696984694784	2015-11-23	['#bfa']	@alexa_chung @erdem @erin_o_connor @gilesgilesgiles see red carpet
668890627074052096	2015-11-23	['#bfa']	insid vip din @erdem am actress @katebosworth
666635094808002561	2015-11-17	['#erdem', '#ps16']	lily jam wear pre 2016 harper's baza @lilyjamesonline @bazaaruk
666634405188911104	2015-11-17	['#ps16']	discov pre 2016 avail erdem sou audley street
662727059475558400	2015-11-06	[]	pssst there's @erdem sampl sal next week
656143709658963968	2015-10-19	['#erdem', '#wearingerdem', '#ss16', '#nicolekidm']	nicol kidm wear spring sum 2016 look 21
649530360146063360	2015-10-01	['#erdem', '#wearingerdem']	charl theron wear pre spring 2016 @glamourmag's pow educ girl panel
647413019295793154	2015-09-25	['#erdem', '#lfw', '#ss16']	spring sum 2016 fin
647411483899469824	2015-09-25	['#erdem', '#lfw', '#erdembt']	hair spring sum 2016 amaz anthony turn thank @mailanthony @bumble
647409854064259073	2015-09-25	['#erdem', '#lfw', '#erdembt']	makeup spring sum 2016 wond val garland thank @thevalgarland @narsissist
646057095264108544	2015-09-21	[]	every runway look clos detail see @erdem's spring 2016 show angl
646056536809279488	2015-09-21	['#gccerdem', '#mercedesbenzfash', '#lfw']	@liviafirth @erdem launch start
646007525553344512	2015-09-21	[]	discov spring sum 2016 collect
645965062516154368	2015-09-21	['#lfw']	see complet @erdem spring 2016 collect @voguerunway
645952246681890816	2015-09-21	['#lfw', '#ss16', '#erdembt', '#erdem']	erdem spring sum 2016
645942846026063872	2015-09-21	['#erdem', '#ss16', '#lfw', '#erdembtss']	look
645916914783518720	2015-09-21	['#lfw']	video edit @jpicardie simply mag @erdem show favourit season far
645704596329906176	2015-09-20	['#erdem']	on day go watch spring sum 2016 show liv monday 21 septemb 11am gmt
645210872999231488	2015-09-19	['#erdem', '#wearingerdem', '#ps16']	alex chung wear pre spring 2016
644919145079902208	2015-09-18	['#erdemfl', '#70southaudleystreet', '#mayfair', '#lfw']	autumn wint 2015 look erdem
644537431572791296	2015-09-17	['#lfw']	celebr @erdem's 10 year annivers he's tak window thank @theoldcinema prop
643871745208926208	2015-09-15	['#erdem', '#wearingerdem', '#emilyblunt']	emy blunt wear pre spring 2016 new york city
643760917004591104	2015-09-15	['#erdemfl', '#openingparty']	thank drink @belvederevodka &amp; @veuveclicquotuk
643509470371401728	2015-09-14	['#erdemfl', '#70southaudleystreet']	awn pjosephstudio erdem
642058395437109249	2015-09-10	[]	proud bril pal @erdem thank wond ev &amp; thank @rachael_cole1 glam
642058342941245440	2015-09-10	[]	@downtonabbey @carmichelle @gameofthrones @emilia_clarke party @erdem london
642058279393345538	2015-09-10	[]	emil clark look beauty last night flor @erdem gown designer's new stor
641867298626777088	2015-09-10	[]	congrat @erdem op first shop today
641866964634324993	2015-09-10	[]	insid @erdem's first standalon stor london
641866936415088640	2015-09-10	[]	op new stor london read @erdem told @ashulman2 @britishvogue
641594618392510464	2015-09-09	['#thequeen']	queen longest serv monarch today photograph cecil beaton
641593691958845441	2015-09-09	[]	would look would sit @erdem talk abt mayfair pad girl
639405036972412928	2015-09-03	[]	@erdem turn quilt jacket thing fantast beauty new @moncler collab
639402903585849344	2015-09-03	[]	bof exclud video tak look insid @erdem's first stor exclud interview
636533207970672640	2015-08-26	['#erdem', '#erdemfl', '#70southaudleystreet', '#mayfair']	stor op 70 sou audley street w1
635127056678916096	2015-08-22	[]	styl design @erdem tel @jellison afraid feminin
634748475528359936	2015-08-21	['#erdem', '#tonnegoodm']	autumn wint 2015 worn @kendalljenner @voguemagazine's septemb issu @inezandvinoodh
634310193954848768	2015-08-20	[]	@driesvannoten @massimogiorget @jasonwu @erdem @altuzarrastudio @vanessaseward shar sum read list htt
631861112338784257	2015-08-13	['#aw15']	hello alex autumn winter'15 happy 30th birthday @ellemagazine @alexa_chung @maxvadukul @emilybarnes1
629220987322671104	2015-08-06	[]	watch @emwatson lead discuss @heforshe @stellamccartney @bellafreud @saundersstudio @erdem
628262183164608513	2015-08-03	['#wsjoffduty']	erdem interview weekend read ful interview
626347220590272512	2015-07-29	[]	mar cotillard best dress @erdem
623441460201963520	2015-07-21	['#michellemonagh']	sometim want cloth client's back @erdem @annasheffield @stuartweitzman
622054714440552448	2015-07-17	['#aw15']	exempl piec @erdem's beauty yet beguil Pre- collect
619465841680195584	2015-07-10	[]	exclud @erdem annount collab
617024410755727360	2015-07-03	['#thesummerparty', '#serpentin', '#wearingerdem']	erdem erin o'connor wear spring sum 2015 @erin_o_connor
617008099736580096	2015-07-03	['#wearingerdem', '#thesummerparty', '#serpentin']	elis sednaou spring sum 2015 @elisasednaoui
616658262193258496	2015-07-02	[]	tackl flor pattern eleg grac @erdem shop
616658201585520640	2015-07-02	[]	@erdem wom liv charact many diff peopl
616650332496658433	2015-07-02	['#erdem', '#cov']	@bazaaruk august cov feat pre 2015 thank @jpicardie @leithclark @erikmadiganheck
616595154233856000	2015-07-02	[]	forget styl ruth wilson cal @erdem actress red styl
610495436923752449	2015-06-15	['#summers']	shop sum sal
606148589816037376	2015-06-03	['#erdem']	introduc pre spring 2016 discov ful collect
605394069133623296	2015-06-01	['#erdem', '#pf15', '#erdembt']	discov pre 2015 collect @dulwichgallery
598809132175613953	2015-05-14	['#erdem', '#janwelt']	beauty rachel mcadam wear pre fal '15 @marieclaire's jun cov @aledmond
595880790535331841	2015-05-06	['#metdress', '#metgala2015']	story met dress @voguemagazine @alexa_chung
595538487580958720	2015-05-05	['#metgala2015', '#wearingerdem']	alex chung look beauty custom erdem attend @alexa_chung
591650992770392064	2015-04-24	['#voguefest', '#lucindachamb']	almost tim sunday @roksandailincic @charlottes_web @britishvogue
590943172597022720	2015-04-22	['#erdem', '#ss15']	interview germany may feat photo jona lindstroem fash edit rek mar probst @interview_de
589102074450866176	2015-04-17	['#erdem', '#ss15', '#laceupsand']	erdem spring sum 2015 runway sho avail
583684937909436417	2015-04-02	['#erdem']	beauty lupit wear spring summer'15 @bazaaruk's may issu dicov
575364512313962498	2015-03-10	['#erdem']	harp baza feat spring summer'15 april issu @bazaaruk @erikmadiganheck @leithclark @jpicardie
574993703086989313	2015-03-09	['#erdem', '#majasalamon']	harper's baza germany shoot spring summer'15 @harpersbazaarge @vheilbrunner @fontanagianluca
573788977179811840	2015-03-06	['#erdem', '#theedit']	beauty kat boswor wear @katebosworth @jennifer_dickinson @ttstyle @pan_steven @netaporter
573533564467306496	2015-03-05	['#erdem']	vog austral shoot spring summer'15 march issu @vogueaustralia @cccentenera @willdavidsonphoto
572847201543712768	2015-03-03	['#erdem', '#ss15']	vog chin shoot march issu photograph nathaniel goldberg styl daniel paud
571373071833145346	2015-02-27	['#erdem', '#lfw', '#erdembt', '#inspir', '#aw15']	inspir booklet
571307531341041666	2015-02-27	['#erdem', '#lfw', '#erdembt', '#aw15']	fin
571247669236129792	2015-02-27	['#erdem', '#robinbrown', '#erdembt', '#lfw', '#aw15']	behind set autumn wint 2015 show @wallpapermag
570967749498773504	2015-02-26	['#erdem', '#aw15', '#erdembt', '#lfw']	fad glamo show
570890294138417153	2015-02-26	['#erdem', '#erdembt', '#lfw', '#inspir']	autumn wint 2015 moodboard
570641056569675776	2015-02-25	['#erdem', '#lfw', '#erdembt']	autumn wint 2015 makeup wond val garland thank @narsissist @thevalgarland
570626519904735232	2015-02-25	['#erdem', '#lfw', '#erdembt']	autumn wint 2015 hair look amaz anthony turn thank @bumble_uk @mailanthony
570526812725493760	2015-02-25	['#ellestyleaward']	thank @elleuk @alexa_chung @lorraineelle
570344512968531968	2015-02-24	['#ellestyleaward']	el design year award goe @erdem
570264725180829696	2015-02-24	['#erdem', '#erdembt', '#lfw', '#aw14']	mom yesterday's autumn wint 2015 show
570224371777851392	2015-02-24	['#lfw', '#erdem', '#erdembt', '#amcast']	autumn wint 2015 run ord
569918041947049985	2015-02-23	['#erdem', '#erdembt', '#lfw', '#aw15']	flor embroidery backst autumn wint 2015 show
569895262736523265	2015-02-23	['#erdem', '#lfw', '#erdembt', '#aw15', '#oldselfridgeshotel']	set today's autumn wint 2015 show
569869714371039232	2015-02-23	['#erdem', '#erdembt', '#lfw']	first look backst autumn wint 2015 show
569853357176823808	2015-02-23	['#erdem', '#lfw', '#erdembt']	needl punch embroidery autumn wint 2015 show
569819474494402560	2015-02-23	['#erdem', '#aw15', '#lfw', '#erdembt']	set autumn wint 2015
569814780359380992	2015-02-23	['#erdem', '#aw15', '#lfw', '#erdembt', '#oldselfridgeshotel']	show start set autumn wint 2015 show
569568272284311553	2015-02-22	[]	watch erdem autumn wint 2015 show monday 23rd febru 11am gmt liv
569466667304157185	2015-02-22	['#erdem', '#willyvanderper', '#tabithasimmon']	@voguemagazine shoot @larastone wear spring sum 2015 march issu
569206514927464448	2015-02-21	['#erdem', '#ss15']	vog par shoot march issu photograph david sim &amp; mario sorrent styl emmanuel alt
568523950935814144	2015-02-19	['#erdem', '#wearingerdem', '#cinderell', '#ss15']	lily jam wear spring summer'15 premy cinderell mil
568420354634457088	2015-02-19	['#ss15']	watch hap selfridg met @erdem &amp; discov inspir behind collect
568351846793924608	2015-02-19	['#erdem', '#erdemdetail', '#pf15', '#chinesenewyear']	happy chines new year pre fal 2015 orchid embroidery
568130226254942209	2015-02-18	['#erdem', '#ps15']	pre spring 2015 x @ssense
568044150546927616	2015-02-18	['#marchissu']	label liv room erdem's world reflect warm downright splendid modern @voguemagazine
568029059843805184	2015-02-18	[]	tak journey parad disturb spring sum 2015 avail shop
566288997224562688	2015-02-13	['#erdem', '#ss15']	spring summer'15 feat @portermagazine photograph david bellem fash edit melany huynh
565237702715777024	2015-02-10	['#erdem', '#cathykasterin', '#normanjeanroy', '#ss15']	springsummer'15 danut dress @portermagazine @realtonigarrn
564860651185528832	2015-02-09	['#erdem', '#ss15']	march harp baza cov @bazaaruk thank @jpicardie photo @erikmadiganheck fash @leithclark
563691644873363457	2015-02-06	['#erdem', '#hydr']	@britishvogue march feat sask debrauw ss'15 styl jan photograph jurg tel
562737336698802178	2015-02-03	['#erdem', '#bjarnejonasson', '#ss15']	el uk shoot spring sum 2015 march issu @elleuk @amcelle
562317642124361728	2015-02-02	['#erdem', '#wearingerdem', '#ryanhast']	rosamund pik wear pre spring 2015 attend virtuoso award ceremony
562251234682232832	2015-02-02	['#erdem', '#wearingerdem']	fel jon wear prefall'15 art direct guild award styl @karla_welch
562206460277698560	2015-02-02	['#arabellagreenhil', '#felicityjon']	fel jon wear erdem spring sum 2015 @instyle_uk's march cov
561834058897174528	2015-02-01	['#lizrodbel']	thrilled win @hudsonsbay int'l design year award thank @cafawards @nicholasme @sarahgadon
561169754686509056	2015-01-30	['#erdemdetail']	pre 2015 patchwork lac
560181821800210432	2015-01-27	['#erdem', '#ss15']	erdem's spring meryc gown shot @flarefashion febru issu
559745392150327297	2015-01-26	['#sagawards2015', '#wearingerdem']	keir knightley wear custom erdem organz gown los angel
557662747513876481	2015-01-20	['#ps15', '#voguechin', '#tonnegoodm']	erdem shot feb issu @larastone @mariotestino shop
557254207729041408	2015-01-19	['#wearingerdem']	laur carmichael wear prespring15's pirnill dress attend afternoon tea celebr wolf hal
554728860626190336	2015-01-12	['#wearingerdem', '#goldenglob']	soph hunt wear erdem's lucett gown pre gold glob award
554570635029266432	2015-01-12	['#wearingerdem']	keir knightley wear erdem's pre dido dress am film instit luncheon
553260220265558016	2015-01-08	[]	nomin @hudsonsbay int'l design year award @taitthomas @erdem @steventaistudio &amp; @mikaeldofficial
552905055381520384	2015-01-07	['#erdem']	gwyne paltrow wear spring summer'15 @bazaaruk's feb issu @jpicardie @gwynethpaltrow @celestecooney
548436738075799552	2014-12-26	['#erdem', '#boxingday']	shop sal
548222236843601920	2014-12-25	[]	happy holiday erdem @ellecanada
546009166276726784	2014-12-19	['#christianearp']	erdem's spring danut dress shot @vogue_germany decemb issu @giampaolosgura
545600605725937665	2014-12-18	[]	erdem gift guid embel scarv beauty jewellery limit edit skateboard
544771984979427328	2014-12-16	['#b1exclusive']	read @erdem's limit edit collect bout
543482248943898624	2014-12-12	['#erdembt', '#pf15']	behind scen pre fall'15 shoot @dulwichgallery @oliviardavid
542388945913663488	2014-12-09	['#freeship']	fre ship week ent cod frshp12
542285328787443713	2014-12-09	[]	introduc erdem pre fal 2015 discov ful collect
542019473793093633	2014-12-08	['#erdem', '#jasonkibbl']	sash pivovarov shot wear @voguekorea's decemb issu
540134190151634944	2014-12-03	['#erdem', '#samples', '#knitwear', '#partydress', '#perfectpres']	op 9pm today 8am tomorrow
539790957202636801	2014-12-02	['#bfa']	sar michel two amaz dat amaz night
539749719795568641	2014-12-02	[]	moon thrilled thank brit fash council nata amaz night @bfc @nataliemassenet
539555573227094016	2014-12-01	['#bfa']	michel dockery @erdem win womenswew design year award
539550091741523969	2014-12-01	[]	'to sist let dress barbies' womenswear design year @erdem
539550069209702401	2014-12-01	['#bfa']	i'd lik thank fath knew young ag going hockey play @erdem
539542844697223168	2014-12-01	['#bfa']	win @erdem win womenswear design year pres brit actress michel dockery
539374798473027584	2014-12-01	['#cybermonday', '#pf14', '#aw14']	15% &amp; styl fre ship today ent cod cm2014
537951276387278848	2014-11-27	['#erdem', '#samples']	london tak plac wednesday thursday 3 decemb @themusicrooms miss
535437017375846400	2014-11-20	['#erdem', '#wearingerdem']	keir knightley wear spring summer'15 dress lat night seth mey
535428674032762880	2014-11-20	['#spring']	tak wardrob notch @erdem's rakeen flor silk top
535126805246935040	2014-11-19	[]	new week fash design @erdem alway fascin feminin
535112513462231041	2014-11-19	[]	erdem shar inspir behind autumn winter' 14 collect @matchesfashion
534747691738497024	2014-11-18	['#wearingerdem']	soph hunt imit gam premy fiant benedict cumberbatch
534398865144037376	2014-11-17	"[""#erdem's""]"	lul jap shoot etty dress inaug issu @lula_japan
534327440227983360	2014-11-17	['#theedit']	london @erdem go design modern rom
533672148716769280	2014-11-15	['#youtub']	erdem tub subscrib
532963068842881024	2014-11-13	"[""#erdem's"", '#sophianeophitou', '#mattiaskarlson']"	10 magazin feat pre bib dress thank @10magazine_
532627155663204352	2014-11-12	['#ss15']	erdem's spring collect rank numb thank @styledotcom
532128546291208192	2014-11-11	"[""#erdem's"", '#wearingerdem']"	keir knightley wear prespring'15 hadley dress jimmy kimmel liv
530634488771256320	2014-11-07	"[""#erdem's"", '#wearingerdem', '#aw14']"	gemm arterton wear elain dress 'made dagenham' press night @gemmaarterton
530072483341545472	2014-11-05	"[""#erdem's"", '#erdem']"	harper's baza chin feat autumn helo dress novemb issu @harpersbazaarcn
530036572570533888	2014-11-05	['#erdem', '#wearingerdem']	carey mullig wear spring quin dress @bazaaruk wom year award
529706262611906562	2014-11-04	"[""#erdem's"", '#wearingerdem', '#ps15']"	keir knightley wear pre bib dress 'the jonath ross' show
529698336904052736	2014-11-04	['#erdem', '#wearingerdem']	geneviev gaunt shot wear @tatleruk's octob issu @genevievewgaunt
529316729294688256	2014-11-03	['#erdem']	spring summer'15 backst pass expl collect exclud behind scen im
529297729219223552	2014-11-03	"[""#erdem's"", '#wearingerdem']"	naom wat wear pre emiko top imar skirt avail
528212616783867904	2014-10-31	[]	feminin effortless dram pre 2015 ar
526758328509427712	2014-10-27	"[""#erdem's""]"	discov story autumn winter'14 collect
525676605726015488	2014-10-24	"[""#erdem's"", '#wearingerdem', '#aw14']"	sienn mil wear anj dress autumn winter'14 bev hil
524957228626092032	2014-10-22	['#bfa']	womenswear design year nomin @christopherkane @erdem &amp; @jw_anderson
524624349803065344	2014-10-21	['#friezemast']	erdem cur friez expl erdem's favourit @friezelondon 2014
521726800003874816	2014-10-13	['#wearingerdem']	laur carmichael wear erdem pre dress madam bov london premy @carmichelle
520581779410132993	2014-10-10	"[""#erdem's""]"	flair germany @flairmagazin shoot autumn winter'14 concet gown shop look bit
519891632393814017	2014-10-08	['#erdem']	thank @voguemagazine includ top 10 collect season
519500471690883075	2014-10-07	['#erdem']	@ellemagazine shoot lord autumn wint coat octob issu @lordemusic
517765417839104000	2014-10-02	['#ss15']	@erdem evolv beauty look
516134707294404608	2014-09-28	['#erdem', '#erdembt', '#lfw']	spring summer'15 makeup beauty dewy @narsissist @thevalgarland
514810988525137920	2014-09-24	['#fno']	enjoy ev spent inspir @erdem &amp; @emilysheffield part thank
512619503688351744	2014-09-18	['#erdem', '#lfw', '#nicholaskirkwood']	glady heel spring summer'15 show
511612723969654785	2014-09-15	['#erdem', '#lfw']	fin dress spring summer'15
511609055383945218	2014-09-15	['#erdem', '#erdembt', '#lfw']	greenh architect spring show
511580023074357248	2014-09-15	['#erdem', '#anthonyturn', '#lfw', '#erdembt']	soft braid hair spring sum 2015 show @lorealpro
511571781430575104	2014-09-15	['#erdem', '#erdembt', '#lfw']	bot study backst spring sum '15 show
511558356507852800	2014-09-15	['#erdem', '#erdembt', '#lfw']	spring sum 2015 jungl
511537782167445504	2014-09-15	['#erdem', '#erdembt', '#lfw']	first look backst spring sum 2015 show
511508125464416256	2014-09-15	['#erdem', '#erdembt', '#lfw', '#ss15']	wild spring summer'15 show
511432592998948864	2014-09-15	['#erdem', '#erdembt', '#lfw', '#ss15']	ar venu today's spring sum '15 show
511276544766275584	2014-09-14	['#erdem', '#erdembt', '#lfw']	spring sum 2015 show 11am gmt tomorrow follow us exclud highlight backst access
510709480334848000	2014-09-13	['#erdem', '#ps15', '#wearingerdem']	naom wat wear dress pre toronto intern film fest
510543416548425728	2014-09-12	"[""#erdem's"", '#erdemxselfridg', '#lfw']"	london fash week launch along exclud collect selfridg
510511580115894273	2014-09-12	['#erdem', '#meghancollison', '#theroom']	room @hudsonsbay fw'14 im campaign @meghancollison wear @erdem
510489826525986816	2014-09-12	"[""#erdem's"", '#aw14']"	@voguenippon shoot autumn wint '14 shearl coat octob issu
510151766768631809	2014-09-11	['#erdem']	fel jon wor dress pre '14 collect toronto intern film fest
509746576924110848	2014-09-10	['#erdem', '#wearingerdem']	autumn wint 2014 girl
507803543227887616	2014-09-05	[]	drop everyth head @erdem sampl sal
507628236843384833	2014-09-04	['#erdem', '#samples']	beauty new piec unpack last day op tomorrow 8am 7pm @themusicrooms
507171542107951105	2014-09-03	['#erdem', '#samples']	london shop set alarm bag treas 10am tomorrow 8am friday @themusicrooms
506434898165788672	2014-09-01	[]	wov ita las switzerland embroid england; lif @erdem dress
505277623707369472	2014-08-29	['#erdem', '#samples']	london tak plac next thursday friday 4th septemb @themusicrooms
502813889290326016	2014-08-22	[]	autumn wint 2014 land shop collect
502393279431057408	2014-08-21	['#erdem']	sav dat sampl sal tak plac thu fri septemb mus room london w1 detail com soon
499937602460721152	2014-08-14	[]	goth flor begin bloom discov nee know go design @erdem
499492369281323008	2014-08-13	"[""#erdem's""]"	discov inspir behind pre collect
497367358135349250	2014-08-07	['#erdemdetail', '#pf14', '#knitwear']	pre 2014 embroid dahl
496715063492096000	2014-08-05	['#pf14']	@elleuk shoot @erdem's autumn wint '14 velvet jacket septemb issu @amcelle @lorraineelle
494860491140136960	2014-07-31	['#skateboard', '#erdemdetail']	erdem's limit edit avail buy
494381425194729472	2014-07-30	['#timwalk', '#erdem', '#aw14']	lov magazin shoot erdem's autumn wint 2014 velvet cap @kegrand @thelovemagazine
490193599469195264	2014-07-18	[]	@vogueitalia shoot erdem's autumn wint '14 bead velvet dress august issu
489464175614517248	2014-07-16	[]	three erdem pre fal '14 lac look on beauty @vogueturkiye cov avail
489048127308316673	2014-07-15	[]	actress mil kun wear bead dress prefal 14 august issu @wmag
485007751727570944	2014-07-04	[]	alex chung wear dress autumn wint 2014 attend serpentin sum party tuesday 1st july
482157055583993856	2014-06-26	[]	keir knightley wear @erdemrtw autumn 14 begin party new york
481702399128920064	2014-06-25	['#lindafarrow', '#edm5', '#erdem']	model shot wear @erdemrtw gallery's clip cat ey walk catwalk htt
474532234146615296	2014-06-05	[]	introduc
474223566318485504	2014-06-04	[]	erdem's autumn 2014 shearl coat feat @britishvogue's july issu @karliekloss @katephelan
474129933556809728	2014-06-04	[]	erdem pre 2015 collect
468663202013003776	2014-05-20	[]	today's last day erdem london sampl sal 8am 6pm @whitespacevenue gre newport street wc2h 7jb
468123816200527872	2014-05-18	[]	dat diary @erdemrtw host sampl sal whit spac 19th 20th may pric start 20
465804228855083008	2014-05-12	[]	@erdemrtw london sum sampl sal tak plac 19th 20th may
459716802973421568	2014-04-25	[]	el chin shoot erdem spring whit organz dress may issu
459394842317955072	2014-04-24	[]	erdem's spring embroid leath jacket shot @teenvogue may issu
458990356332179457	2014-04-23	[]	@elle_vietnam shoot erdem's spring 14 organz top skirt may issu
458926870591848448	2014-04-23	[]	@grazia_fr feat embroid organz jacket erdem spring 14 collect
458664048528064512	2014-04-22	[]	actress emm ston wear sued jacket prefal 14 may issu @voguemagazine
456058055864492032	2014-04-15	[]	emm ston wear dress aw14 attend amaz spid photo cal berlin april 15
454290085500833793	2014-04-10	[]	@lofficielmexico feat spring 14 embroid dress april issu
454227127177465857	2014-04-10	[]	erdem spring 14 strapless dress feat @thelastmagazine
453949683178557440	2014-04-09	[]	@jalousemag feat erdem spring 14 black lac dress march issu
450669026889715712	2014-03-31	[]	party @erdemrtw celebr thank follow thank mtv xx
446738136312606720	2014-03-20	[]	@erdemrtw lind farrow gallery cat sunglass spring collect avail
446221236087975936	2014-03-19	[]	fel jon wear dress collect premy breath
444460981817602049	2014-03-14	[]	erdem 14 embroid tul dress feat @bazaaruk april issu
444146624894218240	2014-03-13	[]	erdem 14 jacket skirt feat @tankmagazine spring issu
439388005707808768	2014-02-28	['#embroidery', '#lastoftheromanoff', '#modernrom']	@erdemrtw detail @voguemagazine
438337096118706176	2014-02-25	['#erdem', '#lfw', '#aw14']	backst show
437958286059778048	2014-02-24	[]	fin
437945726857793536	2014-02-24	[]	watch ful erdem autumn 2014 show
436174070317461506	2014-02-19	['#erdem', '#aw14', '#lfw']	exclud im show
435831608671997952	2014-02-18	[]	light
435819950414888960	2014-02-18	['#erdem', '#lfw', '#aw14']	catwalk photo autumn 2014 collect
435470121838997504	2014-02-17	['#erdem', '#lfw', '#aw14']	autumn 2014 fin
435424494983708673	2014-02-17	['#erdem', '#aw14', '#lfw']	first look
435417965811359745	2014-02-17	['#erdem', '#aw14', '#lfw']	backst
435414228472578049	2014-02-17	['#lfw', '#aw14', '#erdem']	old selfridg hotel set today's erdem show
435326366633197568	2014-02-17	[]	seen unseen strong del pal dark @erdemrtw sent us
435022995300442112	2014-02-16	[]	@erdemrtw show 12pm gmt monday 17 febru follow us exclud highlight
434735131442413568	2014-02-15	[]	grac coddington feat erdem black lac dress @voguemagazine march issu
434398516576661504	2014-02-14	[]	@wonderlandmag shoot sweatshirt skirt erdem spring 14 collect feb issu
430774063372312576	2014-02-04	[]	erdem @doverstmarket spring 2014 pop
428582261080866816	2014-01-29	[]	dian krug wear silk jumpsuit ps14 'hollywood stand cancer' ev tuesday janu 28
427815129753726977	2014-01-27	[]	erdem's ss14 embroid dress feat @vogueparis's feb issu @officialfreja @alexwhiteedits @inezandvinoodh
420185050257166336	2014-01-06	[]	erdem matelass dress feat febru issu @britishvogue lucind chamb
415095075907973120	2013-12-23	[]	happy holiday erdem
413638818206474240	2013-12-19	[]	behind scen erdem pf14 shoot
412657529009606656	2013-12-16	[]	@victoriabeckham best dant partn ev lov holiday erdem
412286679383539712	2013-12-15	[]	see look beauty @erdemrtw pre collect
410686569658720256	2013-12-11	[]	complet collect photo @erdemrtw pre 2014
409336673731104768	2013-12-07	[]	extr 10% 6pm clos tim erdem sampl sal mak sur com @whitespacevenue near leicest sq
409022756840148992	2013-12-06	[]	london shop amaz new piec ar saturday last day erdem sampl sal
408972157323345920	2013-12-06	[]	@erdemrtw sampl sal today on miss gre newport street also run tomorrow grab perfect red ca
408948269319192576	2013-12-06	['#sampl', '#london', '#shop', '#fash']	today erdem sal 75% pric 50
408682856769019904	2013-12-05	[]	london fan erdem sampl sal op tomorrow 8am com find new erdem dress us near leicest squ
408628323028582400	2013-12-05	[]	knock sampl sal calend london ppl deet @sophiawebster_ @ostwaldhelgason @erdemrtw &amp;
408542329465618434	2013-12-05	[]	@marieclaireuk shoot erdem ps14 matelass top skirt janu issu
407897258441461760	2013-12-03	[]	erdem london sampl sal
406553951958745089	2013-11-29	[]	sampl sal not sav @papermachetiger @erdemrtw @nkirkwoodlondon @preenbytandb
406371855197798400	2013-11-29	['#decembervog']	design liv @erdemrtw op off hom see insid
403967075313389569	2013-11-22	[]	naom har wear spring 14 decemb issu @bazaaruk styl @mirandaalmond
403464718213337088	2013-11-21	[]	see im vog erdem din los angel
402956638287847424	2013-11-20	[]	design @erdemrtw swap londontown city angel last week see travel diary
402545238746468352	2013-11-18	[]	alex chung wear organz dress selfridg london thursday 14th novemb
401401735945519104	2013-11-15	[]	cat blanchet wear dress 13 collect decemb issu @bazaaruk styl @mirandaalmond
392614042319073280	2013-10-22	[]	@cuneytakeroglu shoot erdem embroid velvet dress @vogueturkiye octob issu
390528755758010368	2013-10-16	[]	@erdemrtw's bik jacket bloom pretty
390527745932795904	2013-10-16	[]	erdem 13 ostrich feath skirt feat novemb issu @harpersbazaarus
387930838869897216	2013-10-09	[]	alex chung wear dress cov @flarefashion novemb issu
387573092198780929	2013-10-08	[]	cl po wear embroid cocktail dress collect octob 7th can
387158463563825152	2013-10-07	[]	clair dan wear swe 13 novemb issu @britishvogue styl clar richardson
382768351850037248	2013-09-25	[]	front hous backst erdem spring 2014 show
382767273943269376	2013-09-25	[]	@erdemrtw cameo @alexachung
382422970980782081	2013-09-24	[]	clos view erdem's 2014 collect
381059470291243010	2013-09-20	[]	tim blank @alexa_chung @delevingnepoppy discuss @erdemrtw spring 2014 watch
380987028151599104	2013-09-20	[]	watch erdem spring 2014 show
380621862369112064	2013-09-19	[]	@voguemagazine feat erdem's green carpet challeng dress exclud avail @netaporter
380382007789760513	2013-09-18	[]	see look erdem show
380362971643273217	2013-09-18	[]	erdem spring 2014 photo diary @bof
379642137971027969	2013-09-16	['#lfw', '#ss14']	fin
379639485287636993	2013-09-16	['#lfw', '#ss14']	backst erdem op look
379639134534774784	2013-09-16	['#lfw']	whatev cal sur wom everywh want see @erdemrtw show
379635149983739904	2013-09-16	['#lfw', '#ss14']	backst erdem
379566355768705024	2013-09-16	['#lfw', '#ss14']	pre show flow delivery
379564100529172480	2013-09-16	['#lfw', '#ss14']	sit venu
379405941071831041	2013-09-16	['#lfw', '#ss14']	erdem show 12 gmt monday 16 septemb follow us exclud backst im
376982705356824576	2013-09-09	[]	@russh_magazine shoot erdem's 13 embroid dress septemb issu
375960027019755521	2013-09-06	['#torontofilmfest']	alic vikand wear prefal 13 gown premy fif est 5th sept
375687789590740992	2013-09-05	[]	@nylonmag rachael wang lay erdem's neon embroid dress 13 collect septemb issu
375310608800813057	2013-09-04	['#erdem', '#harpersbaza']	brown bloom @erdemrtw @bazaaruk ev
374954566036377600	2013-09-03	[]	erdem friend len dunham wear vary look @marieclaireuk's novemb issu styl jayn pick
373447245049634816	2013-08-30	[]	ursul lak veil @erdemrtw ostrich feath organz gown @theneverteam
373080923421429760	2013-08-29	[]	@bazaaruk feat erdem moralioglu septemb issu
371997636556910593	2013-08-26	[]	see erdem caps collect harp baza uk stor brown
368075551895875585	2013-08-15	[]	ostrich feath organz dress septemb issu @ellemagazine styl @lori_goldstein
367311817363574784	2013-08-13	[]	p leath jacket silk dress styl camill nickerson @vogueusa septemb issu
365173819113099264	2013-08-07	[]	pixy geldof wear dress @elleuk's august cov shoot fash an curt
362903151101239296	2013-08-01	[]	ostrich feath sequin dress coll styl deep kailey @tatleruk's septemb issu
362534193021976576	2013-07-31	[]	ros byrn @erdemrtw flor perfect fash match
362534069902385152	2013-07-31	['#igiveitayear']	actress ros byrn wear embroid dress nyc premy july 30th
360783747865509889	2013-07-26	['#blanketco']	@thehudsonsbayco holiday preview fel collab @erdemrtw
360712533482561536	2013-07-26	[]	@zoesaldana wear aw13 bond wool crep lac dress 9th issu @1883magazine
359965134518624257	2013-07-24	[]	august @voguenippon feat aw13 jacquard dress styl @pwilsonstyle
352043005097684992	2013-07-02	[]	dream wed dream dress @erdemrtw @cnent
350179680755806208	2013-06-27	[]	amaz @wendydavistexas wor erdem marathon 11 hour filibust austin wendy salut
347832123748646912	2013-06-20	[]	two beauty roksandailint @goldilockslg
347402131051016192	2013-06-19	[]	behind scen erdem ps14 v&amp;a shoot
347382754188611584	2013-06-19	[]	behind scen im erdem pre spring 2014 shoot @v_and_a
344497583139454977	2013-06-11	[]	stell ten wear sequin jacquard dress cov july's @bazaaruk @cathykasterine
344429831854886912	2013-06-11	['#resort14']	nobody bet flor frock erdem @erdemrtw @glamour_fashion
344134858769047553	2013-06-10	[]	tak look erdem's spring sum 2013 mood board july's issu @bazaaruk
340445765971349505	2013-05-31	[]	lov new delivery @erdemrtw anush gown seen mar cotillard rec
340445578121064448	2013-05-31	['#netstyleset']	detail @erdemrtw 's exquisit flor print exclud ev @polyvore
340132114706100224	2013-05-30	['#netstyleset']	lov ev afternoon @netaporter @polyvore
340130370345369600	2013-05-30	['#polyvoreinlondo']	design @erdemrtw show pre fal collect polyv memb @netaporter
336525867352203264	2013-05-20	[]	actress emm watson wear aw13 jun issu @wmag
332875054406840320	2013-05-10	[]	@hannelim look pretty nyc pre fal 2013
332865880771932160	2013-05-10	['#mytheres', '#greatbritishdesign']	held gorg carlyl hotel nyc guest includ @erdemrtw @altuzarrastudio ht
332409003319631872	2013-05-09	['#colet', '#colettest', '#erdem']	photo erdem
332099752932020224	2013-05-08	[]	today tomorrow bag bargain @erdemrtw sampl sal cov gard
331769066220044288	2013-05-07	[]	@shitsurgilsays op 8pm tonight 8 tomorrow happy shop
331753295532146688	2013-05-07	[]	@hannelim look beauty @erdemrtw pre 2013 whitney art party nyc
331705542185721856	2013-05-07	[]	erdem sampl sal op door visit us whit spac gre newport street wc2h 7hy
331695740256653312	2013-05-07	[]	@lenadunham look amaz wear custom @erdemrtw dress attend met bal erdem last night
331693652441186307	2013-05-07	[]	@alexa_chung wear @erdemrtw autumn 2013 dress met bal beauty
331672922580197376	2013-05-07	[]	lac dress pre 2013 collect jun issu @bazaaruk @leithclark
331672111796068352	2013-05-07	['#metbal']	who's jeal @lenadunham get @erdemrtw's dat
330018896352514048	2013-05-02	[]	actress carey mullig wear two ss13 dress jun issu @bazaaruk cathy kasterin
327488154460360704	2013-04-25	[]	erdem sampl sal com
326653114033766401	2013-04-23	[]	ask erdem answ watch fifty second erdem video @netaporter
324901863709372416	2013-04-18	[]	mar luis interview erdem @thecornerdotcom check video
324900379592650752	2013-04-18	[]	ask answ see hap @erdemrtw styl convers
324899378697474049	2013-04-18	[]	zoe saldan wear pre fal 2013 flor jacquard dress may issu @voguemagazine
324467472453496833	2013-04-17	[]	embroid organz dress ss13 collect styl gemm hayward independ magazin
323811422758912000	2013-04-15	[]	actress gwyne paltrow wear embroid top trous aw13 par premy iron man
322773246757969922	2013-04-12	[]	sunday tim styl convers begin
322772604375142400	2013-04-12	[]	talk savoy
322040867399557120	2013-04-10	[]	check april issu harper's baza spain feat ss13 coat worn backward styl aer yun
321690193969180672	2013-04-09	[]	kar elson wear spring 13 may issu @bazaaruk lei clark
321198707242573824	2013-04-08	[]	tak look fal 13 backst candid photograph ev sung @vogueusa
319877813723344896	2013-04-04	[]	erdem talk colin mcdowell design april 12th savoy visit detail
316652647002292226	2013-03-26	[]	ysl bird
316652583521501184	2013-03-26	[]	off balloon
316168746769207297	2013-03-25	[]	monday read
312619956523122690	2013-03-15	[]	shay mitchel wear ss13 april issu @teenvogue styl lawr howel
309743225160208384	2013-03-07	[]	flor organz dress @erdemrtw ss13 april issu @britishvogue styl @emmaelwickbates
309636675112419328	2013-03-07	[]	rel erdem aw13 show
304956409617997825	2013-02-22	['#lfw']	@styledotcom autumn wint 2013 video
304581312851890177	2013-02-21	[]	check @erdemrtw backst photo @selfservicemag blog
303528118021398528	2013-02-18	['#nail']	we'r backst @erdemrtw cre youth moth whit cub
303497530887507968	2013-02-18	['#lfw']	rehears
303489748910084096	2013-02-18	['#lfw']	@narsissist makeup team buzz show on hour away
303485871368310785	2013-02-18	['#lfw']	backst erdem hair look sleek @loreal
303484586162266112	2013-02-18	['#lfw']	ar venu
303167545442181120	2013-02-17	['#lfw']	day go excit build erdem studio
303112308010405889	2013-02-17	['#lfw']	fit erdem continu today
302886697581027328	2013-02-16	['#erdemrtw', '#lfw']	get nail sort @butterlondon
302875599519772672	2013-02-16	['#erdemrtw', '#lfw']	beauty test tim luk hersheson &amp; hannah murray @loreal @narsissist
302060235344994307	2013-02-14	[]	happy valentine's what's lov poppy alex &amp; laur wear ss13 look @netaporter lfw issu
301724599400419329	2013-02-13	[]	el fan erdem's ss13 blu duchess mal dress cak frost cotton @nymag's spring issu
298713908720586752	2013-02-05	[]	jessic chastain wear lac dress resort 13 85th academy award nomin luncheon
296699365588889600	2013-01-30	[]	lov see much @erdemrtw red carpet lat nicol an sienn mar superch
296699156670590978	2013-01-30	['#aactaaward']	nicol kidm wear strapless embroid dress crep ss13
295607233193078784	2013-01-27	[]	christopher ow shot erdem's mae coat interview magazin feb 2013
295601633155493888	2013-01-27	[]	an hathaway wear pre look 13b embroid mikado 24th an produc guild award
293832004988964865	2013-01-22	['#10bestdressed']	mar cotillard @erdemrtw marin rust @verawanggang @china_chow com des gar
292210897752035328	2013-01-18	[]	mar cotillard wear embroid sequin dress pre 13 collect con show
290893236124385281	2013-01-14	['#goldenglob']	sienn mil custom top skirt erdem spring sum 2013 collect
290892958650212352	2013-01-14	[]	actress mar cotillard wear flo leng jacquard dress pre 13 collect bafta's tea party
248773955895324672	2012-09-20	[]	train trust mt @rmocomms lov bts pic @thecoveteur @erdemrtw &amp; @vanessatraina de
248723806741479424	2012-09-20	[]	lov behind scen pic @thecoveteur erdem @vanessatraina decid fin lineup ss13 show htt
247783742779842560	2012-09-17	[]	see new ss13 collect shown today lfw fb pag
247053095333425152	2012-09-15	['#lfw']	elle's wardrob day feat @erdemrtw @balenciaga @topshop @marksandspencer
244945581942906882	2012-09-09	[]	@emwatson look beauty
244780277279375360	2012-09-09	[]	@fashion_critic_ thank
244722091306409987	2012-09-09	[]	thank @emwatson look beauty dress perfect
244721199895175168	2012-09-09	[]	emm watson look amaz custom resort'13 screening perk wallflow tiff last night
243741496161992706	2012-09-06	[]	@rmocomms wow @mirandakerr look stun @erdemrtw second day run
242991684697350145	2012-09-04	[]	excit erdem nomin brit fash award new est award fing cross 27th novemb
242991571220430848	2012-09-04	[]	award nomin &amp; best guest last night's party includ @saundersstudio @marykatrantzou &amp; @erdemrtw
241217465802170368	2012-08-30	[]	edit best flor piec autumn 12 @mulberry_editor @erdemrtw @christopherkane
237831575365115904	2012-08-21	['#shoeoftheday']	lov @nkirkwoodlondon @erdemrtw stun print pump art feet
237504744128647169	2012-08-20	['#summerch']	@erdemrtw shar sum ess list us
235785479503630336	2012-08-15	[]	mirand ker @erdemrtw week's best dress far
235767702378119168	2012-08-15	[]	excit see erdem shot actress ruth wilson septemb issu @voguemagazine look amaz
235296067846033408	2012-08-14	['#closingceremony']	@erdemrtw feel @lilycole wor cre olymp
234932772127510529	2012-08-13	[]	@erdemrtw gold
229896081478148096	2012-07-30	[]	today we'r covet keir knightley's @erdemrtw flor dress
223750843629969408	2012-07-13	[]	@erdemrtw mad friday i'm lov new dress found perfect sho match
221235072299302914	2012-07-06	['#ff']	@britishvogue @leithclark @lorraineelle @jo_elvin @marieclaireuk @instyle_eilidh @bazaaruk @dazedmagazine @id_magazine @anothermagazine
221230504740007936	2012-07-06	[]	'like' facebook pag keep dat latest erdemrtw new
220969291045011457	2012-07-05	[]	stun emm ston wear @erdemrtw new issu @britishvogue
218297910742355969	2012-06-28	[]	ss12 anoushk dress cov new issu @tankmagazine amaz
218031970142273536	2012-06-27	[]	amaz @doutzen wear ss12 jun issu vog chin
217631904743161856	2012-06-26	[]	picturesqu print ladylik cut @erdemrtw ush new er eleg modern wom
215387553388433408	2012-06-20	[]	find erdem's ny secret spot recommend video bergdorf goodm
213202738283155456	2012-06-14	[]	linne dress ss12 look amaz new issu @lofficielparis
207115280286093312	2012-05-28	[]	excit off @erdemrtw 's sampl sal begin tomorrow get ear
199653658009415680	2012-05-08	[]	bee shaff 2012 met gal
182862754502279171	2012-03-22	['#ffroadshow']	@fashionfringe @erdemrtw wond thank
176969555577536512	2012-03-06	[]	nicol kidm par wear erdem ivy dress pre fal 2012
174476593706696704	2012-02-28	[]	watch mak @erdemrtw aw12 film sar moralioglu @styledotcom
171639663247892482	2012-02-20	[]	everyon not we'v chang homp everyday @erdemrtw today
171638428381888514	2012-02-20	[]	erdem aw12 show
170885635136172032	2012-02-18	['#lfw']	erdem show monday day go studio busy excit
169368914088837120	2012-02-14	[]	flor welch erdem nakis dress el styl 2012 styl award
165040585466589184	2012-02-02	[]	alway lov michel william wear erdem ivy dress bot lemon burst sequin
162843756574425089	2012-01-27	[]	actress dian krug erdem ss12 pandor dress beauty
159971986259443712	2012-01-19	[]	jessic alb sport connel trous ystad flow pre spring 2012
156755140005732352	2012-01-10	['#fashionforecast']	mild mix show ad spring touch flor lov @erdemrtw's pre 2012 flowery skir
154937176281456640	2012-01-05	[]	ss12 esmereld trous cecil blous febru 2012 issu vog austral
149420291976724480	2011-12-21	[]	ear christmas gift erdem pre 2012 view @styledotcom
149074575089610753	2011-12-20	[]	happy holiday erdem team
147249245974560768	2011-12-15	[]	erdem pre 2012 stor
143645890522005504	2011-12-05	[]	us custom exclud erdem spring caps collect stor @neimanmarcus
142538068379971585	2011-12-02	[]	watch exclud video studio interview design year nomin chris kan @erdemrtw &sarah burton
141823299935158272	2011-11-30	[]	erdem sampl sal dec 8 1pm dec 10am fut gallery gre newport street wc2h 7hy
138600469189771265	2011-11-21	[]	us custom exclud erdem spring caps collect stor @neimanmarcus
136829880330489856	2011-11-16	[]	erdem sleepwear @netaporter
136758609555103744	2011-11-16	[]	flor masterpiec design pudsey @erdemrtw less 24 hour go auct get bid
136021265273192448	2011-11-14	[]	lov michel william ss12 mel dress new york screening 'my week marilyn
134984768797413376	2011-11-11	[]	day left bid erdem pudsey bear
134984595589447681	2011-11-11	[]	@melaniecmusic lov @erdemrtw pudsey itv's daybreak morn view bear cin project
134295445622112257	2011-11-09	[]	follow link bid erdem pudsey bear ss12 print
133515440742866945	2011-11-07	[]	kat boswor beauty erdem anoushk dress ss12 lacm art film gal los angel
131444326063546368	2011-11-01	[]	vancouv room visit gre artic @vansunlife @erdemrtw ear erdem
129833589960474625	2011-10-28	[]	@matchesfashion top 10 dress @britishvogue feat @erdemrtw
128769633028276224	2011-10-25	[]	an hathaway look stun erdem sar dress spring sum 2012
128444058677940224	2011-10-24	[]	last night @wgsn glob fash award hon giv wom wear priz @erdemrtw congrat
124066416243646464	2011-10-12	[]	team erdem vancouv celebr op @thehudsonsbayco 's room
121223483186348032	2011-10-04	[]	ev handsom @erdemrtw amaz new issu @selfservicemag
116064626818564096	2011-09-20	['#lfw', '#erdem']	pict erdem's spring sum show see vog
115823894878887936	2011-09-19	[]	thank everyon show @erdemrtw team
115798837494419456	2011-09-19	['#erdem']	trend thank wel wish
115475661208027137	2011-09-18	['#lfw']	team erdem work hard studio right show tomorrow 2
113678799350153216	2011-09-13	[]	amaz franc sozzan erdem gisel dress aw11
113615881854136320	2011-09-13	['#lfw']	less on week go erdem show next week team erdem work hard prep
113294812895133696	2011-09-12	['#tiff']	keir knightley erdem jan dress ey bright bloom pre 2012
113294095073558528	2011-09-12	[]	tal elizabe ols wear luciett dress al pink navy erdem pre 2012
113287505884872705	2011-09-12	[]	keir knight elizabe ols lit toronto film fest weekend dress @erdemrtw ps12
110989621906767872	2011-09-06	[]	katy hil erdem talk us brit fash award nomin
110636378433400832	2011-09-05	[]	les feist wear erdem aw11 primros skirt elody blous riv print cov el canad
109563075031601152	2011-09-02	[]	seen limit edit @erdemrtw room caps collect yet shop
108486550207201280	2011-08-30	[]	lov @erdemrtw mashup feat @ellemagazine collect issu
106768832957399040	2011-08-25	[]	erdem room avail exclud bay sept 8th @thehudsonsbayco
106035088206217216	2011-08-23	[]	lov an hathaway erdem pre spring 2012 rosaleen dress ey bright bloom
96864933614071808	2011-07-29	[]	beauty art feat rhi swe aw11 feat lov
93230971079499776	2011-07-19	[]	latest globetrot erdem 's diaghilev flow print green detail
88889311252070400	2011-07-07	[]	roy blu @erdemrtw dress half sleev seen downtown dalla
88588623657705473	2011-07-06	[]	fash train @lucybazaar @erdemrtw en rout lov bal
87933437155098624	2011-07-04	['#royalstyl']	kat report gorg resort 2012 @erdemrtw dress avail dec @holtrenfrew mont
87911757263278080	2011-07-04	[]	kate's @erdemrtw dress pre collect day roy tour avail room
87814732920274944	2011-07-04	[]	think @erdemrtw canad princess turn spotlight tru
87607861789728768	2011-07-03	[]	duchess cambridg erdem jacquent dress lov blu lac
86783589894717440	2011-07-01	['#canadaday', '#canad']	happy friday happy
86749957377359872	2011-07-01	[]	@nicholasme lov rt @fashionoffice kat ar canad wear @erdemrtw via @womensweardaily
86719486941601793	2011-07-01	[]	duchess cambridg canad @erdemrtw cecil dress blu lac
86707605149454336	2011-07-01	[]	catherin duchess cambridg wear cecil dress @erdemrtw resort 12 collect whilst ar ca
85739903937290240	2011-06-28	[]	alm dress on favourit rt @modaoperandi twittervers agrees; alm dress
85706906303336448	2011-06-28	[]	nee narrow erdem fav on
85704178348982272	2011-06-28	[]	@deebazaar happy birthday
85623278193999872	2011-06-28	[]	gonn @erdemrtw fil dream tonight erdem resort mo tomorrow
83142518660792321	2011-06-21	[]	brit design @erdemrtw jonath saund shortl glob fash award
81748417637924865	2011-06-17	[]	@erdemrtw absolv beauty frock us auct thank
80911986556289024	2011-06-15	[]	tak look lac ballet tutu erdem design collab @enballet @bazaaruk
78802644285665281	2011-06-09	['#erdem']	la collect erdem est enfin dispon sur net
78790677571444737	2011-06-09	[]	erdem exclud @netaporter tim sum
78496023726653440	2011-06-08	['#vog']	erdem cur @harvey_nichols expery
78495830327300096	2011-06-08	['#vogueexpery']	@erdemrtw ar
78494261015871489	2011-06-08	['#vogueexpery', '#harveynichol']	@erdemrtw lot excit peopl
78023360432455681	2011-06-07	[]	anoth canad tweet exclud erdem print room @thehudsonsbayco
78022006574039040	2011-06-07	[]	canad fan erdem's interview glob new
78020793841356800	2011-06-07	[]	erdem resort 2012 @styledotcom can't wait spring
73418110228631552	2011-05-25	[]	fel lov monday @erdemrtw talk favourit art tour tat britain
72636621287211009	2011-05-23	[]	tak peek tour erdem tat @tateshots
70441963052220416	2011-05-17	[]	review erdem show singap
70045040281526272	2011-05-16	[]	amaz weekend singap @audifashionfest
68256615350013953	2011-05-11	[]	also chic @erdemrtw tot fre every issu cor sea blu yellow bag lov
67623567201800192	2011-05-09	[]	we'v lust sint see origin sketch get fre @erdemrtw tot jun issu
66085620363165696	2011-05-05	[]	@alexa_chung look amaz cov @vogue_london wear @erdemrtw
65456681513009152	2011-05-03	[]	@imlilydonaldson beauty coupl look stun @erdemrtw look terr dash xx
65334378905083904	2011-05-03	['#metgal']	lov lily donaldson erdem last night new york wendy blous maggy skirt ss11 stunn
65333739764453376	2011-05-03	[]	beauty lily donaldson wear ss11 erdem @erdemrtw ar met gal look amaz
65157537145692162	2011-05-02	[]	rees witherspoon wear lil dress aw11 gorg
65156797807337472	2011-05-02	[]	erdem moralioglu brit label @erdemrtw talk styl lif what's lik dress barby
64284234344435712	2011-04-30	[]	lady hel tayl erdem ss11
64282889348579329	2011-04-30	[]	ev mend look pretty fresh spring ast dress stravinsky blur ss11
64280957313748992	2011-04-30	[]	bfc ambassad samanth cameron look beauty @burberry teal dress access @erdemrtw hairclip
63595854153523200	2011-04-28	['#lookoftheday']	amaz rt @relativemo wed spec team dress ready kat wills' big day tomorrow
60983292874338304	2011-04-21	[]	@annadellorusso &tommy ton @jakandjilblog @thehudsonsbayco wear @erdemrtw wayn clark
60981961522544640	2011-04-21	[]	wear erdem wayn clark interview room tommy's exhibit @hudsonsbaycompany
60722111018319872	2011-04-20	[]	@annadellorusso get dol @thehudsonsbayco gear @erdemrtw w @jakandjilblog excit
60709086538383360	2011-04-20	[]	ann dello russo wear @thehudsonbayco erdem cap
58444213515333632	2011-04-14	[]	overdress interview erdem see
55641330008858625	2011-04-06	[]	issu 22 feat @erdemrtw tat lady includ 'ophelia may @tateshots film watch spac
55259277975232512	2011-04-05	[]	wear new erdem coat black lac overlay beauty print insid inappropry sunny dior sand
55241734090792960	2011-04-05	[]	@alexa_chung erdem send lov back
55237516047036417	2011-04-05	[]	@jinganyoung i'm sorry said ye erdem harvey nichol hong kong
55219985378844672	2011-04-05	[]	erdem lov youuuuuuuuu
55219157955911680	2011-04-05	[]	swan 'round hous erdem dress lik big deal mass big deal ugh sooo pre
55207947713777664	2011-04-05	[]	lov @erdemrtw interview nmdaily
54827226566361089	2011-04-04	[]	emy brown wear rais dress stravinsky blur whit lac ss11 pretty
53838414482636800	2011-04-01	[]	erdem moralioglu's flow pow mak us dream spring
53481864735899649	2011-03-31	[]	erdem flor obsess tild swinton h&m kat middleton
53453551585853441	2011-03-31	[]	@saks host erdem new york happy
53078346933862400	2011-03-30	[]	erdem new york happy despit slight chil
51298624843423744	2011-03-25	[]	celebr fash friday diann agron look lov mandy dress gisel gard print spring sum
51286781689212928	2011-03-25	[]	celebr fash friday gin goodwin wear adorn dress aw09 van fair osc party
50587689950527488	2011-03-23	[]	erdem lov affair continu spec piec collect @erdemrtw cre exclud room avail
50587573587951616	2011-03-23	[]	erdem pop orchid vivid explod roy blu purpl fuchs yellow avail septemb exclud
50152681653809152	2011-03-22	[]	spring lian liberato wear sorokin dress salom dream print duchess
48435654769643520	2011-03-17	[]	littl bit green st patrick's day erdem's kaj trench riv print rain mac
46141465742680064	2011-03-11	['#elle10th', '#hotelgermain']	sketch design @erdemrtw drool night sketch el girl
45868358561837056	2011-03-10	[]	behind scen @saksdubai show last night hom @erdemrtw
45404302801518592	2011-03-09	[]	fel jon wear @erdemrtw @charlottes_web premy tempest etg
44437131720011776	2011-03-06	[]	rainy sunday perfect day mak wish list upcom @modaoperandi trunk show @erdemrtw start tomorrow
43311881594732545	2011-03-03	['#80']	erdem interview @netaporter http://www.net-a-porter.com/magazine
43305162156146688	2011-03-03	[]	team erdem par gorg day outsid despit cold
43305043709009921	2011-03-03	['#tat', '#art']	morn @tateshots film design @erdemrtw gallery 9 britain
43304851450511360	2011-03-03	[]	lov ide dress mak feel lik beauty vert @erdemrtw &lt;3
40401369554755584	2011-02-23	['#lfw', '#luxury', '#fash']	amaz new design @erdemrtw unveil
40070626123321344	2011-02-22	['#lfw']	exclud backst video interview erdem liv
39990504275980288	2011-02-22	[]	erdem frenzy flor
39988235849572352	2011-02-22	[]	amaz teamwork amaz show thank wel wish erdem studio happy busy morn
39986378787930112	2011-02-22	[]	
39986223720300544	2011-02-22	[]	
39336177966395393	2011-02-20	[]	st tropez team tan skin fin @erdemrtw show tomorrow stay tun upd
39297456231563264	2011-02-20	[]	@erdemrtw excit we'v com across pond provid canad support
38986918335086592	2011-02-19	['#lfw']	two day erdem show long hour studio wor
38575386858242048	2011-02-18	[]	photo summertim erdem rodart stell mc cartney sandrinet
38194876000641024	2011-02-17	['#lfw']	excit erdem show monday febru 21st
38192425792970752	2011-02-17	[]	@nikkiyanofsky look ad yayo dress ottak flut aw10
38191293729341441	2011-02-17	[]	lov rosamund pik wear rais dress ss11 bafta's
36079866679918593	2011-02-11	[]	alex chung wear margot dress ss11 beauty
35632883179724800	2011-02-10	['#lfw']	less two week studio buzz
34676531796123648	2011-02-07	[]	valentine's shop vog
34633947828854784	2011-02-07	[]	margot dress ss11 season pick thank @styledotcom
28115562827612160	2011-01-20	[]	erdem's 15 favourit hotspot
24762722616877056	2011-01-11	[]	happy new year erdem team back studio excit 2011
15719241927892993	2010-12-17	[]	big rev erdem pre 2011
15447633942290432	2010-12-16	[]	@matchesfashion exclud erdem video
15443374022594560	2010-12-16	[]	@jessicaalba look beauty galin skirt pre spring sum 11
15442642082996224	2010-12-16	[]	lov carey mullig wear lil dress pre spring sum 2011
15388432922574848	2010-12-16	['#harrodscout']	cout bal dream serv erdem moralioglu @erdemrtw
13296241844686849	2010-12-10	[]	look ar studio tim tea thank @bazaaruk
12585028055736320	2010-12-08	['#adventuresoferdemdog']	day lif @erdemrtw dog
12552979462750208	2010-12-08	['#adventuresoferdemdog']	spot erdem daschund ic skat @westfieldlondon
12545631297994752	2010-12-08	['#adventuresoferdemdog']	spot erdem daschund ic skat @westfieldlondon
12459302576979968	2010-12-08	[]	erdem daschund ar wednesday today visit twitp via @addthis
12160148298530816	2010-12-07	[]	erdem head brit fash award @britfashawards tonight excit
12157549344198656	2010-12-07	[]	michel william wear frey dress spring sum 2011
12132337999421440	2010-12-07	[]	erdem annount erdem resort collect stor inpir valley dol elect
12131053770641408	2010-12-07	[]	beauty michel william frey dress spring sum 11
9550221231001601	2010-11-30	[]	kat boswor ails dress ss11
2680745889898497	2010-11-11	[]	littl bit erdem rainy day
480465047781376	2010-11-05	[]	back fascin talk @erdemrtw org @_thewhitechapel el gent london's lucky
479997533884416	2010-11-05	[]	cannot stop obsess @erdemrtw nichola kirkwood boot
27751159591	2010-10-18	['#fash']	erdem's geish gard collect
27465078844	2010-10-15	[]	beauty michel william wear margot dress london film fest
27461730180	2010-10-15	[]	room's discuss uk fashion's boldest design fab opportun hear talk abo
27461540612	2010-10-15	['#fash', '#theroom']	lov bound peopl hat wel erdem crit
27461476129	2010-10-15	[]	brit panel discuss op audy quest talk design const think abou
27461455489	2010-10-15	[]	mov bad review real quick @erdemrtw
27461429578	2010-10-15	[]	erdem talk study ryerson next step becom design
27458449544	2010-10-15	[]	brit design bay
27458344510	2010-10-15	[]	@erdemrtw jonath saund gil deacon nichola kirkwood
27455634416	2010-10-15	[]	brit design trunk show @thehudsonsbayco today mak sur drop
27454734974	2010-10-15	[]	night god sav queen ev design invad heart @thehudsonsbayc
27452639807	2010-10-15	[]	start interview charlot del gil deacon erdem nichola kirkwood @thehudsonsbayco
27452627916	2010-10-15	[]	walk room erdem interview @jeanne_beker lov @thehudsonsbayco
27450608111	2010-10-15	['#ff']	favourit peopl star bazaar's dec issu @biancajagger @erdemrtw nata massanet @netaporte
27445293558	2010-10-15	[]	erdem trunk show today room bay queen st 2pm part god sav queen ev erdem ryerson fashio
27443070814	2010-10-15	[]	today's trunk show lin charlot olymp 11am gil deacon 1pm erdem 2pm nichola kirkwood 3pm jonath sa
27441814228	2010-10-15	[]	meet @erdemrtw yesterday morn certain highlight charm cool navy blaz ep
27441680666	2010-10-15	[]	don't' miss rt @nicholasme room panel discuss erdem kirkwood schwab fast olymp saund dea
27441656340	2010-10-15	[]	gre chat erdem yesterday thrilled see someon room wear dress 1st collect @erdemrtw
27423705902	2010-10-15	[]	
27423322705	2010-10-15	[]	brit invas short start @thehudsonsbayco @erdemrtw kirkwood @fastermarkfast olymp etc wish @courtn
27337488709	2010-10-14	['#theroom']	excit toronto erdem tomorrow octob 15 2
27337202132	2010-10-14	['#theroom']	next brit invas begun miss tomorrow's ev
27336397257	2010-10-14	[]	gre see canad london back canad @thehudsonsbayco f check gorg photo @erdemrtw
27336365066	2010-10-14	[]	hist london fash mom on tonight erdem saund mark fast charlot olymp del tom
27322263060	2010-10-14	[]	thank @imanpasha rt fantast trunk show @marykatrantzou @erdemrtw xx
27322137215	2010-10-14	[]	@fashioncanada 's artic @thehudsonsbayco god sav queen trunk show
27321866385	2010-10-14	[]	design erdem moralioglu mus twin sist sar moralioglu @erdemrtw
27321784203	2010-10-14	[]	long chat erdem on favourit canad design abroad gre mix peopl brit fascin niag
27321782195	2010-10-14	[]	gre din tonight on brit pack includ erdem jonath saund tom bin charlot del mark fast ni
27223093401	2010-10-13	[]	god sav queen next brit invas room week check friday's ev des
27223067164	2010-10-13	[]	hello canad team erdem toronto @thehudsonsbayco god sav queen ev excit
27222613974	2010-10-13	[]	thx prep @thehudsonsbayco's god sav queen design marathon kirkwood bin erdem fast gil i'm
27120498542	2010-10-12	[]	receiv vit @erdemrtw &amp; zaglian trunk show print erdem stun can't cont
27034770666	2010-10-11	[]	ee excit god sav queen next brit invas ev room next week
27034753945	2010-10-11	[]	spring 2011 trunk show room friday octob 15 charlot olymp 11 erdem 2 jonath saund
27034735616	2010-10-11	[]	com person charlot olymp erdem moralioglu gil deacon jonath saund mario schwab mark fast
26758442020	2010-10-08	[]	@lisatant thank com next stop toronto
26662742655	2010-10-07	[]	saw @erdemrtw illust invit exclud trunk show word stun
26540743674	2010-10-06	['#pfw']	team erdem's last day par la prochain
26082638904	2010-10-01	['#pfw']	team erdem par rainy day jol par damp spirit
26081666028	2010-10-01	[]	an hathaway look beauty erdem ros noir pearl dress
26071345305	2010-10-01	[]	new coupl alert erdem liz goldwyn derek
26062971888	2010-10-01	[]	new blog post din @erdemrtw
26062967493	2010-10-01	[]	an hathaway wor @erdemrtw resort 2011 bri atwood @aston20133 'maniac' pump variety's 2nd an pow
25969054108	2010-09-30	[]	visit erdem pop showroom lov print on canada's tal see bay soon
25885452279	2010-09-29	[]	see video erdem's ss11 show
25867475092	2010-09-29	[]	org @erdemrtw zaglian ev brown @imanpasha excit
25867458582	2010-09-29	['#pfw']	salut par everyon studio get ready
25682128283	2010-09-27	[]	catherin walk pass away
25670923079	2010-09-27	[]	thought go catherine's famy rt catherin walk 65 cre dress princess dian die
25416279974	2010-09-24	[]	beauty beauty erdem show exquisit whit lac pal flor print
25415230834	2010-09-24	[]	lov rt @netaporter spot erdem harper's bazaar's kim hersov lucy yeom lula's lei clark oliv pal
25414068916	2010-09-24	[]	nichola kirkwood pet pilotto @erdemrtw op onlin pop shop
25396051078	2010-09-24	['#ff']	@kikigeorgiou thank
25394433300	2010-09-24	['#follow']	@david_m_watts thank
25390431671	2010-09-24	['#fash']	gre rt @mwusaty cent saint martin gradu youngest ev program he's canad
25321192071	2010-09-23	[]	erdem's party vog party pag
25318044340	2010-09-23	[]	canad design erdem's @erdemrtw van cas glob item week
25318030195	2010-09-23	[]	erdem globetrot team
25305727448	2010-09-23	['#lfw']	oop that's erdem rt @harpersbazaarus bring col erdem's bril fin
25305424935	2010-09-23	['#lfw', '#mfw']	sad we'r look forward what's stor
25230075831	2010-09-22	[]	smal glimps amaz dec erdem party monday night spec thank @fionaleahy
25229991655	2010-09-22	[]	
25221186015	2010-09-22	[]	@lisatant hmmm would lov see
25220946871	2010-09-22	[]	rumo on favourit design erdem trunk show room i'll first lin
25220709261	2010-09-22	['#lfw']	check show monday
25216368598	2010-09-22	['#lfw']	fash iq test answ erdem moralio intern vivien westwood 2000
25201133979	2010-09-22	[]	agr rt @asos_laurafleur look who's twit @erdemrtw get follow
25140299460	2010-09-21	[]	fash iq test young design intern vivien westwood erdem b mark fast c pet pilotto
25096624601	2010-09-21	['#lfw']	erdem priv party din morton's club celebr divin show
25096621844	2010-09-21	[]	morton cov balloon mak erdem print gre party ev illust nam plac
25096570406	2010-09-21	[]	
25055518912	2010-09-20	['#lfw']	thank @fionaleahy we'r look forward tonight gre day!
25047093137	2010-09-20	[]	quick pit stop off almost whol bag haribo um lunch gil erdem din
25037224247	2010-09-20	[]	day
25037173845	2010-09-20	[]	erdem giv us gorg dress modern gard party
25037158122	2010-09-20	[]	excit tonight jewel colo balloon jewel colo everyth look gorg @erdemrtw 's
25034616959	2010-09-20	['#lfw']	erdem show round bedford squ gard exclud un alway
25033359142	2010-09-20	['#lfw']	whit red lac sweet volum min shap erdem
25033341087	2010-09-20	['#lfw']	erdem's breathtak fin ad long flo flor gown
25031539947	2010-09-20	['#lfw']	ahhhhhhhhhhhhh Erdem... twitp via @addthis
25016489725	2010-09-20	['#lfw']	everyon hair mak look gorg new collect
25016313415	2010-09-20	['#lfw']	show tim hour erdem show
24980126927	2010-09-20	[]	work sunday wor prep fab @erdemrtw party tomorrow night
24836282776	2010-09-18	['#lfw']	day show soy lat tea get us
24655401155	2010-09-16	[]	@henryholland agree
24653503848	2010-09-16	[]	@mercedeslfw we'r happy lik
24651629606	2010-09-16	['#lfw']	day go can't wait much
24568999634	2010-09-15	['#lfw']	we'r gear show monday septemb 20
