id	created_at	hashtags	cleaned_text
1089669028061302784	2019-01-27	['#timesupx2', '#femalefilmmak']	count @tessathompson_x support
1087741309505454081	2019-01-22	[]	@ellen_newx lov
1084093745312776192	2019-01-12	[]	start
1083639349265223680	2019-01-11	[]	
1082720321868836866	2019-01-08	[]	suk waterh play miss us keir knightley miss world movy misbehavio
1081992825326186497	2019-01-06	[]	@skriverrr thank cuty
1081234560216588288	2019-01-04	[]	beauty
1081234496630906880	2019-01-04	[]	@drewmichael work dop jody lee lip beauty @a24 @hbo comedy spec shot @sukiwaterhouse
1078702650026348545	2018-12-28	[]	@sukivibe
1078681507143794688	2018-12-28	['#intothedark', '#newyearnewyou']	find review @hulu &amp; @blumhouse's newest entry @ryanlarson cal @sophiathecolest
1077217132398534656	2018-12-24	[]	@mouilnrouge merry christmas
1075437214253940736	2018-12-19	[]	131 homeless childr britain char help vuln famy @independent @streetsma
1074444896377946113	2018-12-16	['#assassination']	hello fruitloop ral crew &amp; get hand pat red jacket purchas necess sweepstak run 12 12
1073994304178323456	2018-12-15	[]	record someth wel cut @sukiwaterhouse @hwalker_brown @audibleuk
1072802053179744256	2018-12-12	[]	@sukiwaterhouse @mulberryengland brit fash award @bfc
1072488758811992064	2018-12-11	['#sukiwaterh', '#fashionaward']	ok giv best dress crown we'r mass dig sixty vib h
1066317418052665346	2018-11-24	[]	stil tim resta would lik particip year streetsmart campaign support homeless mon decemb sign every penny every pound goe direct loc char
1063453737505689600	2018-11-16	[]	jonathon
1063235506966806534	2018-11-16	[]	ok fiiiin ruin lif
1063201562460413952	2018-11-15	['#pat']	jonathanmovy op tomorrow @swoliver68 bril @anselelgort superst @sukiwaterhouse fantast
1058862300134862851	2018-11-03	[]	@juliettesdrn hi honey sorry shoot mus video felt bad push peopl hop lovey night xx
1057956727314935808	2018-11-01	[]	alway lov skit miseduc lauryn hil 20th annivers track hand
1057910888487890944	2018-11-01	[]	look hap rod took tv ad hono on longtim fan
1056872094221459456	2018-10-29	[]	refus giv labo out cult contract soc med platform unconscio
1056455783343243265	2018-10-28	['#sukiwaterh']	suk waterh l'officiel nl annivers issu 2018
1053688197191028737	2018-10-20	[]	
1051718169038077952	2018-10-15	[]	pop suk launch today k11 shangha
1051027353701367808	2018-10-13	[]	@jesierodrigues mak happy
1051017259878105088	2018-10-13	[]	way shangha anyon weibo account
1049012331261227008	2018-10-07	[]	delivery delivery serv run food front door lazy ass bed
1047613477668499456	2018-10-03	[]	brain design pursuit happy lif planet allow genet mat
1047612964113735680	2018-10-03	[]	strong emot help specy surv &amp; contribut continu surv charact f
1047281127688470529	2018-10-03	[]	scorpio brunch
1044808416483586048	2018-09-26	['#assassinat']	sam levinson @abra odess young @sukiwaterhouse @harinef
1044064413622267907	2018-09-24	[]	assassin nat ins lov see big screen
1044063777065299968	2018-09-24	[]	assassin nat talk purg @anationmovie
1044001886976667648	2018-09-23	['#assassination']	miss mad play @reallycody @sukiwaterhouse @harinef @bellathor
1043331497048961024	2018-09-22	[]	@lightboxgallery not poor form
1043232435998081029	2018-09-21	[]	@harinef
1043225752454348801	2018-09-21	[]	fierc cast 'assassination nation' @sukiwaterhouse @abra @ayoungcowgirl @harinef cam nylon off talk
1043224281121939456	2018-09-21	[]	@lightboxgallery tea
1042902301462024192	2018-09-20	['#slayem']	put fuckboy plac today assassin nat hit the tomorrow
1042891762069430273	2018-09-20	[]	@olijcoleman oh guess rescind harvard jd apply
1042499512726482944	2018-09-19	[]	tonight's last cal w @carsondaly feat @jameelajamil @anationmovie's @sukiwaterhouse &amp; @abra mus @therecord
1042489342445277184	2018-09-19	[]	saf paramount throughout film would hat story undermin work peopl look us wel
1042486306176000001	2018-09-19	[]	wok seen artic shoot someon set assassin nat would lik clar shoot anybody bullet richocet target pract graz instruct hand rar hap
1041753010534330368	2018-09-17	[]	ar @sukiwaterhouse wear fal 2018 asymmet ruch dress nov heel dim satchel ht
1039547344763547648	2018-09-11	[]	
1038077638588411904	2018-09-07	[]	
1037915909040611329	2018-09-07	[]	@edie_lotus
1037727333711589376	2018-09-06	[]	@lenadunham bubbal
1034222837911810048	2018-08-27	[]	check review ny tim
1033953524827090944	2018-08-27	[]	@mindful_manny @drewmichael @hbo thank
1033561083498229760	2018-08-26	[]	drew michael @drewmichael chat us brand new comedy spec @a24 televid air 8 @hbo feat
1029443806121230336	2018-08-14	[]	@shrutimittal98 thank brah
1028020390096973825	2018-08-10	[]	@glossyfenty @8m27k
1028020098232139776	2018-08-10	['#assassination']	meet sarah h nail long paty @sukiwaterhouse
1025486543035625472	2018-08-03	[]	fav fuckboy
1021864108772261889	2018-07-24	[]	@harinef screeeech
1020408150069952513	2018-07-20	['#assassination', '#comiccon2018']	bil skarsgard &amp; suk waterh join co debut brand new trail
1017409071987605504	2018-07-12	[]	@tmarc_ @people thank @tmarc_ get program @people
1015619553085227008	2018-07-07	[]	com hom
1014212518674423808	2018-07-03	['#valentin']	se am glit cristall guard il nuovo video mus di @sukiwaterhouse
1014212493252661249	2018-07-03	[]	@vogue_italia
1013944900960899073	2018-07-03	[]	valentin video
1013591056540143616	2018-07-02	['#miumiuclub', '#miumiucelebr', '#miumiucroisiere19']	suk waterh ar hotel regin saturday jun 30th
1011998768915533825	2018-06-27	['#assassination', '#bellathorn', '#od']	tast thing com @anationmovie septemb 21 @sukiwaterhouse @harinef
1010919269197139968	2018-06-24	[]	@thatlizabeth
1009837449957257216	2018-06-21	[]	set pict tak rom kav mamy valentin
1009836989372424192	2018-06-21	[]	@claremaguire @blueymay @spotify
1009588691357130755	2018-06-21	[]	@iliumiselena yep
1009583287646507008	2018-06-20	[]	link ask
1009582968627712000	2018-06-20	[]	@jayda_a_a
1009582907512512512	2018-06-20	[]	@hesclassy @spotify soon
1009581549241753600	2018-06-20	[]	valentin @spotify
1009533961108848640	2018-06-20	[]	stil valentin wait shar new song
1008889205462917122	2018-06-19	[]	
999671931333996545	2018-05-24	[]	nev sham anoth sens wond quietud
993328524311257089	2018-05-07	[]	@vioientyear
992756882858299393	2018-05-05	[]	@sukiwupdates thank gorg word
991100202722480133	2018-04-30	[]	famili nam lik suk waterh bel powley emerg act lik forrest goodluck
973526184955871232	2018-03-13	[]	@sukiwaterhouse wear @ferragamo latest cov @grazia
963868697491394562	2018-02-14	[]	berlin josh hutcherson suk waterh star thriller 'plume' exclud
963167341088575488	2018-02-12	[]	@visual_artsas exhibit jos leonilson empty man caught ey brit model @sukiwaterhouse mad pit stop
962998940256874496	2018-02-12	[]	song good look boy new @hm campaign video
962191429387866112	2018-02-10	['#lovescotch']	end lov sleep goodnight mexico
962111869241741312	2018-02-09	['#lovescotch']	hol mexico celebr delicy glass
961744189938597889	2018-02-08	[]	happy happy tel get scotchy
960918802576928769	2018-02-06	['#detectivepikachu']	set mot just smith's character's fath kidnap forc teen team pikach
960917945286356992	2018-02-06	[]	mat smi play charl manson mary harron's 'charlie says' exclud
959128418959978501	2018-02-01	[]	od modern feminin @sukiwaterhouse new fac amo ferragamo embody glamo self
958467827039547393	2018-01-30	[]	amand bitch shov balcony go get man ped hedg fund man boyfriend mystery disappear inherit island antil ye somehow got amand goal @kristencochrane
958444604059107329	2018-01-30	[]	
956667130967080961	2018-01-25	[]	heard giv glow new @thegaloremag cov @poppyjamie @popandsuki @yourgirlchuck
956287989033791488	2018-01-24	[]	lind put gold heel husband james' neck walk montauk hom inform would tak dividend lind @kristencochrane
955932436981952512	2018-01-23	['#sundance2018']	@sukiwaterhouse @harinef see star wear
369816974215626752	2013-08-20	[]	@sukiwaterhouse pms
329625039378976770	2013-05-01	[]	@sukiwaterhouse hi beauty today 20th birthday wish retweet
294514276260003840	2013-01-24	[]	pj harvey said someth via @youtube
285344787148705792	2012-12-30	[]	@sukiwaterhouse look mir
217760611499642880	2012-06-26	[]	@sukiwaterhouse go hom suk
90107928010440704	2011-07-10	[]	@sukialice cut
