id	created_at	hashtags	cleaned_text
1062762787598823424	2018-11-14	[]	dri van not 106 women's spring 2019 fash show via @youtube
1062760615406698496	2018-11-14	[]	dri van not 105 men's spring 2019 fash show via @youtube
1062760440906825728	2018-11-14	[]	dri van not 104 women's autumn 2018 fash show via @youtube
1062760262619578370	2018-11-14	[]	dri van not 103 men's autumn 2018 fash show via @youtube
1062760104536297474	2018-11-14	[]	dri van not 102 women's spring 2018 fash show via @youtube
1062759915029180421	2018-11-14	[]	dri van not 101 men's spring 2018 fash show via @youtube
1062759608043888641	2018-11-14	[]	dri van not 100 women's autumn 2017 fash show via @youtube
1062759450036068352	2018-11-14	[]	dri van not 099 men's autumn 2017 fash show via @youtube
1062759399121412097	2018-11-14	[]	dri van not 097 men's spring 2017 fash show via @youtube
1062759377210355712	2018-11-14	[]	dri van not 095 men's autumn 2016 fash show via @youtube
1062759166236860416	2018-11-14	[]	dri van not 098 women's spring 2017 fash show via @youtube
1062758223399317504	2018-11-14	[]	dri van not 096 women's autumn 2016 fash show invit gil button via @youtube
1062757804237148160	2018-11-14	[]	dri van not 094 women's spring 2016 fash show via @youtube
1062757658707611648	2018-11-14	[]	dri van not 093 men's spring 2016 fash show via @youtube
1062757477870157825	2018-11-14	[]	dri van not 092 women's autumn 2015 fash show via @youtube
1062757254804447235	2018-11-14	[]	dri van not 091 men's autumn 2015 fash show via @youtube
1062756973815521280	2018-11-14	[]	dri van not 090 women's spring 2015 fash show via @youtube
1062756796157386754	2018-11-14	[]	dri van not 089 men's spring 2015 fash show via @youtube
1062756625176580096	2018-11-14	[]	dri van not 088 women's autumn 2014 fash show via @youtube
1062756341339451392	2018-11-14	[]	dri van not 087 men's autumn 2014 fash show via @youtube
1062756116365561856	2018-11-14	[]	dri van not 086 women's spring 2014 fash show via @youtube
1062755785363652610	2018-11-14	[]	dri van not 085 men's spring 2014 fash show via @youtube
1062755592857632768	2018-11-14	[]	dri van not 084 women's autumn 2013 fash show via @youtube
1062754952446140421	2018-11-14	[]	dri van not 083 men's autumn 2013 fash show via @youtube
1062754760229408768	2018-11-14	[]	dri van not 082 women's spring 2013 fash show via @youtube
1062754573238947840	2018-11-14	[]	dri van not 081 men's spring 2013 fash show via @youtube
1062754360294301697	2018-11-14	[]	dri van not 080 women's autumn 2012 fash show via @youtube
1062754230090514432	2018-11-14	[]	dri van not 079 men's autumn 2012 fash show via @youtube
1062754032610099200	2018-11-14	[]	dri van not 078 women's spring 2012 fash show via @youtube
1062753859527999489	2018-11-14	[]	dri van not 077 men's spring 2012 fash show via @youtube
1062753281242554368	2018-11-14	[]	dri van not 076 women's autumn 2011 fash show via @youtube
1062753149595746305	2018-11-14	[]	dri van not 075 men's autumn 2011 fash show via @youtube
1062752971216351232	2018-11-14	[]	dri van not 074 women's spring 2011 fash show via @youtube
1062752777636585472	2018-11-14	[]	dri van not 073 men's spring 2011 fash show via @youtube
1062752599886176256	2018-11-14	[]	dri van not 072 women's autumn 2010 fash show via @youtube
1062752424484634625	2018-11-14	[]	dri van not 071 men autumn 2010 fash show via @youtube
1062752270826291201	2018-11-14	[]	dri van not 070 wom spring 2010 fash show via @youtube
1062752102202650625	2018-11-14	[]	dri van not 069 men spring 2010 fash show via @youtube
1062752030442315782	2018-11-14	[]	dri van not 066 wom spring 2009 fash show via @youtube
1062751849407668224	2018-11-14	[]	dri van not 068 wom autumn 2009 fash show via @youtube
1062751678351503360	2018-11-14	[]	dri van not 067 men autumn 2009 fash show via @youtube
1062751347928432640	2018-11-14	[]	dri van not 065 men spring 2009 fash show via @youtube
1062751173940338691	2018-11-14	[]	dri van not 064 wom autumn 2008 fash show via @youtube
1062751018675519488	2018-11-14	[]	dri van not 063 men autumn 2008 fash show via @youtube
1062750885590249472	2018-11-14	[]	dri van not 062 wom spring 2008 fash show via @youtube
1062750663262629889	2018-11-14	[]	dri van not 061 men spring 2008 fash show via @youtube
1062750467879567360	2018-11-14	[]	dri van not 060 wom autumn 2007 fash show via @youtube
1062750340712464384	2018-11-14	[]	dri van not 059 men autumn 2007 fash show via @youtube
1062750158616715264	2018-11-14	[]	dri van not 058 wom spring 2007 fash show via @youtube
1062749786556768258	2018-11-14	[]	dri van not 057 men spring 2007 fash show via @youtube
1062749546214756353	2018-11-14	[]	dri van not 056 wom autumn 2006 fash showdry van not via @youtube
1062749413444120579	2018-11-14	[]	dri van not 055 men autumn 2006 fash show via @youtube
1062749238201851905	2018-11-14	[]	dri van not 054 wom spring 2006 fash show via @youtube
1062749040578883584	2018-11-14	[]	dri van not 053 men spring 2006 fash show via @youtube
1062748818981208064	2018-11-14	[]	dri van not 052 wom autumn 2005 fash show via @youtube
1062748666694373377	2018-11-14	[]	dri van not 051 men autumn 2005 fash show via @youtube
1062748490445524993	2018-11-14	[]	dri van not 050 wom spring 2005 fash show via @youtube
1062748225969537025	2018-11-14	[]	dri van not 049 men spring 2005 fash show via @youtube
1062747779867574273	2018-11-14	[]	dri van not 047 men autumn 2004 fash show via @youtube
1062747560811597824	2018-11-14	[]	dri van not 046 wom spring 2004 fash show via @youtube
1062747404120793088	2018-11-14	[]	dri van not 045 men spring 2004 fash show via @youtube
1062747226156556288	2018-11-14	[]	dri van not 044 wom autumn 2003 fash show via @youtube
1062746183536324609	2018-11-14	[]	dri van not 043 men autumn 2003 fash show via @youtube
1062745999112892417	2018-11-14	[]	dri van not 042 wom spring 2003 fash show via @youtube
1062745766647734272	2018-11-14	[]	dri van not 041 men spring 2003 fash show via @youtube
1062745552729894912	2018-11-14	[]	dri van not 040 wom autumn 2002 fash show via @youtube
1062745338312904704	2018-11-14	[]	dri van not 039 men autumn 2002 fash show via @youtube
1062745058267594753	2018-11-14	[]	dri van not 038 wom spring 2002 fash show via @youtube
1062744850787819520	2018-11-14	[]	dri van not 037 men spring 2002 fash show via @youtube
1062744474063958017	2018-11-14	[]	dri van not 036 wom autumn 2001 fash show via @youtube
1062744332321603585	2018-11-14	[]	dri van not 035 men autumn 2001 fash show via @youtube
1062744139027148800	2018-11-14	[]	dri van not 034 wom spring 2001 fash show via @youtube
1062743959796101123	2018-11-14	[]	dri van not 033 men spring 2001 fash show via @youtube
1062743715830218752	2018-11-14	[]	dri van not 031 men &amp; wom autumn 2000 fash show via @youtube
1062743450251153408	2018-11-14	[]	dri van not 030 wom spring 2000 fash show via @youtube
1062743293291712512	2018-11-14	[]	dri van not 029 men spring 2000 fash show via @youtube
1062743069882118144	2018-11-14	[]	dri van not 028 wom autumn 1999 fash show via @youtube
1062742916634951681	2018-11-14	[]	dri van not 027 men autumn 1999 fash show via @youtube
1062742696215937024	2018-11-14	[]	dri van not 026 wom spring 1999 fash show via @youtube
1062742493236785153	2018-11-14	[]	dri van not 025 men spring 1999 fash show via @youtube
1062742163111391232	2018-11-14	[]	dri van not 024 wom autumn 1998 fash show via @youtube
1062741784521031681	2018-11-14	[]	dri van not 023 men autumn 1998 fash show via @youtube
1062741566161383426	2018-11-14	[]	dri van not 022 wom spring 1998 fash show via @youtube
1062741386854891522	2018-11-14	[]	dri van not 021 men spring 1998 fash show via @youtube
1062741235176296448	2018-11-14	[]	dri van not 020 wom autumn 1997 fash show via @youtube
1062741079118753792	2018-11-14	[]	dri van not 019 men autumn 1997 fash show via @youtube
1062740810901397504	2018-11-14	[]	dri van not 018 wom spring 1997 fash show via @youtube
1062740636602941443	2018-11-14	[]	dri van not 017 men spring 1997 fash show via @youtube
1062740435678961664	2018-11-14	[]	dri van not 016 wom autumn 1996 fash show via @youtube
1062740266174607360	2018-11-14	[]	dri van not 015 men autumn 1996 fash show via @youtube
1062739730075242496	2018-11-14	[]	dri van not 014 wom spring 1996 fash show via @youtube
1062739419365601280	2018-11-14	[]	dri van not 013 men spring 1996 fash show via @youtube
1062738960424857604	2018-11-14	[]	dri van not 012 wom autumn 1995 fash show via @youtube
1062738760213954560	2018-11-14	[]	dri van not 011 men autumn 1995 fash show via @youtube
1062738554336563200	2018-11-14	[]	dri van not 010 wom spring 1995 fash show via @youtube
1062738331539251200	2018-11-14	[]	dri van not 009 men spring 1995 fash show via @youtube
1062738089326665728	2018-11-14	[]	dri van not 008 wom autumn 1994 fash show via @youtube
1062737867745697793	2018-11-14	[]	dri van not 007 men autumn 1994 fash show via @youtube
1062737424193908741	2018-11-14	[]	dri van not 006 wom spring 1994 fash show via @youtube
1062737203137114112	2018-11-14	[]	dri van not 005 men spring 1994 fash show via @youtube
1062736865399205888	2018-11-14	[]	dri van not 004 men autumn 1993 fash show via @youtube
1062736445138444289	2018-11-14	[]	dri van not 003 men spring 1993 fash show via @youtube
1062735782224510976	2018-11-14	[]	dri van not 002 men autumn 1992 fash show via @youtube
1062735202882064385	2018-11-14	[]	dri van not 001 men spring 1992 fash show via @youtube
1062734554908131334	2018-11-14	[]	dri van not 098 women's spring 2017 ic flow melt timelaps via @youtube
1062734452990898177	2018-11-14	[]	dri van not 096 women's autumn 2016 fash show invit gil button via @youtube
1062734271432007680	2018-11-14	[]	dri van not 095 men's autumn 2016 fash show op garny split screen via @youtube
1062734134198652928	2018-11-14	[]	dri van not 093 men's spring 2016 fash show fin timelaps via @youtube
1062733978367680512	2018-11-14	[]	dri van not inspir exhibit antwerp teas via @youtube
1062733975729463302	2018-11-14	[]	dri van not inspir exhibit par q&amp;a dri van not &amp; p golbin via @youtube
1062733961254891520	2018-11-14	[]	dri van not 104 women's autumn 2018 fabr draw via @youtube
1062733222705053702	2018-11-14	[]	dri van not 103 men's autumn 2018 mak ebru marbl print via @youtube
1062733047672508416	2018-11-14	[]	dri van not book 1 &amp; 51 mak book via @youtube
1062732823872843780	2018-11-14	[]	dri van not 098 women's spring 2017 mak ic flow via @youtube
1062732667936862208	2018-11-14	[]	dri van not 090 women's spring 2015 carpet via @youtube
1062732225509314560	2018-11-14	[]	dri van not 103 dri discuss men's autumn 2018 collect via @youtube
1062731493020196864	2018-11-14	[]	dri van not 104 dri discuss women's autumn 2018 collect via @youtube
1062731295514492928	2018-11-14	[]	dri van not 102 dri discuss women's spring 2018 collect via @youtube
1062730920623595521	2018-11-14	[]	dri van not 101 dri discuss men's spring 2018 collect via @youtube
1062730917167292424	2018-11-14	[]	dri van not 086 women's spring 2014 colin greenwood bass guit solo perform via
1062730663248515072	2018-11-14	[]	dri van not 085 men's spring 2014 show setup timelaps via @youtube
1062730650795630597	2018-11-14	[]	dri van not 079 men's autumn 2012 show setup timelaps via @youtube
1062729950602629122	2018-11-14	[]	dri van not 100 dri discuss women's autumn 2017 collect via @youtube
1062729709945942022	2018-11-14	[]	dri van not 099 dri discuss men's autumn 2017 collect via @youtube
1062728691900280832	2018-11-14	[]	dri van not 094 women's spring 2016 fash show balanescu quartet liv perform via
1062728515647406081	2018-11-14	[]	dri van not 093 men's spring 2016 fash show kid koal liv perform via @youtube
1062728282708295680	2018-11-14	[]	dri van not 085 men's spring 2014 cindy blackm santan drum solo perform via @youtube
1062727849419915270	2018-11-14	[]	dri van not 100 wom autumn 2017 behind scen lis vreeland via @youtube
1062727647980146688	2018-11-14	[]	dri van not 086 women's spring 2014 show setup timelaps via @youtube
1062727428794138627	2018-11-14	[]	dri van not 079 men's autumn 2012 gij &amp; job docu via @youtube
954036155338706946	2018-01-18	[]	marbl techn norm us pap us fabr cre icon
918138638273302529	2017-10-11	[]	join us afternoon 2 @bergdorfs launch sign new book
909814130823098373	2017-09-18	['#driesvannot', '#dvn', '#dvn100', '#book']	print dri van not 1 51 book
908382028911005696	2017-09-14	[]	copyright bookshop lannoo publ kind invit sign new book
907278815042269184	2017-09-11	[]	copyright bookshop lannoo publ kind invit launch sign new
904729341694808064	2017-09-04	[]	pres 100th collect march 2017 septemb 2017 see publ ful
902167122427699200	2017-08-28	[]	lis immordino vreeland view prep backst dri van not fash show
900412035321782274	2017-08-23	[]	men aw 2017 us origin logo tradit manufact
887976119936454656	2017-07-20	['#driesvannot', '#dvn', '#fw17', '#par', '#anv']	womenswear fal wint 17 collect ar
886357367482454016	2017-07-15	[]	@driesvannoten year superst hon fash group intern night star
886356065738248192	2017-07-15	['#driesfilm']	can't wait monday's screening see @hungermagazine's exclud @driesvannoten behind clip
885552127359287296	2017-07-13	[]	guy list new season @driesvannoten drop onlin shop
882598094658994176	2017-07-05	['#driesvannot', '#dvn', '#pfw', '#menswear']	menswear spring sum 2018 @grubstories
882597921060933632	2017-07-05	['#driesvannot', '#dvn', '#pfw']	lin menswear spring sum 2018 @grubstories
882597668815589376	2017-07-05	['#driesvannot', '#dvn', '#pfw', '#menswear']	menswear spring sum 2018 @grubstories
881243019755835394	2017-07-01	[]	prem retak drum an teres de keersmaek op bastil tonight
879737551942287361	2017-06-27	['#driesvannot']	dri van not spring sum 2018 menswear collect par jun 22nd
879006627877310466	2017-06-25	['#driesvannot', '#dvn', '#pfw', '#ss18', '#detail']	spring sum 18 menswear collect @grubstories
878676674283532289	2017-06-24	['#driesvannot', '#dvn', '#pfw', '#ss18', '#detail']	spring sum 18 menswear collect @grubstories
878543068491689984	2017-06-24	['#driesvannot', '#dvn', '#pfw']	detail spring sum 18 menswear collect @grubstories
878200301471363072	2017-06-23	['#driesvannot', '#dvn', '#pfw', '#menswear']	menswear spring sum 2018 @grubstories
878200204280967168	2017-06-23	['#driesvannot', '#dvn', '#pfw', '#menswear']	menswear spring sum 2018 @grubstories
878200093333102594	2017-06-23	['#driesvannot', '#dvn', '#pfw', '#menswear']	menswear spring sum 2018 @grubstories
878002856774705153	2017-06-22	['#driesvannot', '#dvn', '#pfw']	menswear spring sum 2018
877811829912764416	2017-06-22	[]	dri van not men spring sum 2018 liv streamed websit today 7pm
877229517307355136	2017-06-20	['#driesvannot', '#dvn', '#pfw', '#cast', '#ss18']	cast upcom menswear show
874709450283782151	2017-06-13	['#14']	sil arch week trail wednesday 15th march 100 day on video
872906613023223810	2017-06-08	['#13']	sil arch week trail wednesday 15th march 100 day on video
870670875955269632	2017-06-02	['#driesvannot', '#dvn', '#dvn100']	work excit new project info follow
870323357828481024	2017-06-01	[]	fash show spring sum 2017 womenswear collect dri van not
869624233994878978	2017-05-30	['#12']	sil arch week trail wednesday 15th march 100 day on video
867446845466980352	2017-05-24	[]	rest work fa @driesvannoten antwerp 'het modepaleis' illumin
867380185699581952	2017-05-24	['#11']	sil arch week trail wednesday 15th march 100 day on video
867083472237715460	2017-05-23	[]	japanes flor art azum makoto dec bik ic fact belg
863058429170114561	2017-05-12	['#driesvannot', '#dvn', '#hbd']	happy birthday dri
861997633770074115	2017-05-09	[]	sil arch week trail wednesday 15th march 100 day on video
859683820211249152	2017-05-03	['#hardtimetowakeup', '#airedaleterry', '#air', '#terry', '#harry', '#dvn']	wednesday morn blu
859668601657335808	2017-05-03	[]	sil arch week trail wednesday 15th march 100 day on video
857144327335809024	2017-04-26	['#tulip', '#gard', '#spring', '#driesvannot', '#dvneyewear']	bit spring off
856588010586071041	2017-04-24	[]	sil arch week trail wednesday 15th march 100 day on video
856540102364934144	2017-04-24	[]	today sil arch wom 2003 also known christmas light
854348588922568705	2017-04-18	[]	sil arch week trail wednesday 15th march 100 day on video
852547260437209089	2017-04-13	[]	film art styl dri van not direct lis immordino vreeland ava
851463363406245889	2017-04-10	[]	sil arch week trail wednesday 15th march 100 day on video
849674327654105089	2017-04-05	['#driesvanot', '#dvn', '#silentarch']	tommrow icon 50th show onlin link bio
849258551595978752	2017-04-04	['#driesvannot', '#dvn']	backst shot menswear spring sum 2017 raffaele_cariou
849258422528876544	2017-04-04	['#driesvannot', '#dvn']	backst shot menswear spring sum 2017 raffaele_cariou
849258311769878530	2017-04-04	['#driesvannot', '#dvn']	backst shot menswear spring sum 2017 raffaele_cariou
848897423753850880	2017-04-03	[]	sil arch week trail wednesday 15th march 100 day on video
847004917634125825	2017-03-29	[]	fif annivers dov street market ginz dri van not cre custom
846773397833027584	2017-03-28	['#spring', '#driesvannot', '#magnol']	spring air
846718345265233922	2017-03-28	[]	sil arch week trail wednesday 15th march 100 day on video
844588642358177795	2017-03-22	['#driesvanot', '#dvn', '#silentarch', '#pfw', '#show']	men 1994 onlin wednesday 22
844220427576721414	2017-03-21	['#54', '#driesvannot', '#dvn', '#silentarch', '#pfw', '#show']	wom 2006 onlin tuesday 21
844136261803741184	2017-03-21	[]	dri portait dri van not rein holzem pres cphdox &amp; @cphfw
843840083706941442	2017-03-20	['#75', '#driesvannot', '#dvn', '#silentarch', '#pfw', '#show']	men 2011 onlin monday 20
843782142601715712	2017-03-20	[]	sil arch week trail wednesday 15th march 100 day on video
843498298094899201	2017-03-19	['#52', '#driesvannot', '#dvn', '#silentarch']	wom aw 2005 onlin sunday 19 link bio
843141701787156483	2017-03-18	['#driesvannot', '#dvn', '#silentarch', '#pfw']	men 1995 onlin saturday 18 link bio
842770315814014976	2017-03-17	['#38', '#driesvannot', '#dvn', '#silentarch', '#pfw']	wom 2002 onlin friday 17 link bio
842424603842609152	2017-03-16	['#61', '#driesvannot', '#dvn', '#silentarch', '#pfw']	men 2008 onlin thursday 16 link bio
842045040939696129	2017-03-15	[]	wednesday 15th march 100 day on video past dri van not fash
840261793675112448	2017-03-10	[]	check new dri trail film ev mad dri van not world premy
839150714484064257	2017-03-07	[]	womenswear 2017 wom pres collect particip past
838050877705449473	2017-03-04	['#driesvanot', '#dvn', '#dvn100th', '#dvnpfw', '#pfw']	womenswear 2017
837358219395809280	2017-03-02	['#driesvannot', '#100', '#dvn']	lin women's 2017 show par @grubstories
837357761457422338	2017-03-02	['#driesvannot', '#100', '#dvn']	lin women's 2017 show par @grubstories
837357663872761856	2017-03-02	['#driesvannot', '#100', '#dvn']	lin women's 2017 show par @grubstories
837009475336814592	2017-03-01	['#driesvannot', '#dvn', '#dvn100th', '#100', '#pfw']	women's collect 2017
837009373109026816	2017-03-01	['#driesvannot', '#dvn', '#dvn100th', '#100', '#pfw']	women's collect 2017
837009251059003393	2017-03-01	['#driesvannot', '#dvn', '#dvn100th', '#100', '#pfw']	women's collect 2017
837009013791412224	2017-03-01	['#driesvannot', '#dvn', '#dvn100th', '#100', '#pfw']	women's collect 2017
837008717430259716	2017-03-01	['#driesvannot', '#dvn', '#dvn100th', '#100', '#pfw']	women's collect 2017
837008633753976842	2017-03-01	['#driesvannot', '#dvn', '#dvn100th', '#100', '#pfw']	women's collect 2017
837008562920570888	2017-03-01	['#driesvannot', '#dvn', '#dvn100th', '#100', '#pfw']	women's collect 2017
836999767347589124	2017-03-01	['#driesvannot', '#dvn', '#pfw', '#dvn100', '#100th', '#womenswear']	fin
836964982084468737	2017-03-01	['#driesvannot']	thank everyon dri
836931964380790789	2017-03-01	[]	see show liv wednesday 1st march 3pm cet link bio facebook pag
836912541272010752	2017-03-01	['#driesvannot', '#dvn', '#dvn100', '#100', '#pfw']	invit wom 2017 show par today
835949335212920839	2017-02-26	['#driesvannot', '#dvn', '#liv', '#streaming']	see show liv 3pm cet link bio
833723205877637120	2017-02-20	[]	op look sum 2017 women's collect par septemb 28th fin touch
833723119558877184	2017-02-20	[]	op look sum 2017 women's collect par septemb 28th fin touch
833722994065223680	2017-02-20	[]	op look sum 2017 women's collect par septemb 28th fin touch
833419830636191744	2017-02-19	['#dvn']	detail sum 2017 wom collect shown par septemb 28th 2016
833419625220210689	2017-02-19	['#dvn']	backst wom sum 2017 show model go catwalk
833014603504353280	2017-02-18	['#dvn']	detail sum 2017 wom collect shown par septemb 28th 2016
833014411115765760	2017-02-18	['#dvn']	backst wom sum 2017 show model go catwalk
832684719875686401	2017-02-17	['#driesvannot', '#dvn']	womenswear spring sum 17
830494932930555906	2017-02-11	['#driesvannot', '#dvn', '#ss17', '#menswear']	menswear spring sum 2017
830494798805082112	2017-02-11	['#driesvannot', '#dvn', '#ss17', '#menswear']	menswear spring sum 2017
830494701581193217	2017-02-11	['#driesvannot', '#dvn', '#ss17', '#menswear']	menswear spring sum 2017
830494629590089729	2017-02-11	['#driesvannot', '#dvn', '#ss17', '#menswear']	menswear spring sum 2017
830494549055258624	2017-02-11	['#driesvannot', '#dvn', '#ss17', '#menswear']	menswear spring sum 2017
830494477605281793	2017-02-11	['#driesvannot', '#dvn', '#ss17', '#menswear']	menswear spring sum 2017
830019895484092416	2017-02-10	[]	women's spring sum 17 fit @_tommyton
830019724402683905	2017-02-10	[]	women's spring sum 17 fit @_tommyton
830019646204018688	2017-02-10	[]	women's spring sum 17 fit @_tommyton
830019537202470912	2017-02-10	[]	women's spring sum 17 fit @_tommyton
830019402795986944	2017-02-10	[]	women's spring sum 17 fit @_tommyton
830019277629571072	2017-02-10	[]	women's spring sum 17 fit @_tommyton
829025714129219585	2017-02-07	[]	lov long est hist company renown weav skil also
827582837524221952	2017-02-03	[]	craftsm alway cor dri van not collect throughout year
827582756163088387	2017-02-03	[]	craftsm alway cor dri van not collect throughout year
826478253028302849	2017-01-31	[]	mak ic flow instal azum makoto instal shown
825002046566834176	2017-01-27	[]	back 1993 dri van not men aw 1993 gar vaugirard first tim show
824310913868197891	2017-01-25	['#driesvanot', '#dvn']	menswear autumn wint 17 see ful video websit link bio
823548095954878464	2017-01-23	['#driesvannot', '#dvn', '#pfw', '#backst']	backst menswear fw 17
823547826961575938	2017-01-23	['#driesvannot', '#dvn', '#pfw', '#backst']	backst menswear fw 17
823547735534108673	2017-01-23	['#driesvannot', '#dvn', '#pfw', '#backst']	backst menswear fw 17
823494573708242944	2017-01-23	[]	dri van not men autumn wint 2017 show par fash week
823250904753274880	2017-01-22	['#driesvannot', '#dvn', '#menswear', '#pfw']	menswear fw 17
823120792292618241	2017-01-22	['#driesvannot', '#dvn', '#menswear', '#pfw']	menswear fw 17
822467245129482240	2017-01-20	['#driesvannot', '#dvn', '#pfw', '#fit', '#menswear']	fit autumn wint 2017 strike pos
822210493670715392	2017-01-19	['#driesvanot', '#dvn', '#pfw', '#menswear']	menswear fw 17
822210042095083523	2017-01-19	['#driesvanot', '#dvn', '#pfw', '#menswear']	menswear fw 17 marionleflo
822209927905165314	2017-01-19	['#driesvanot', '#dvn', '#pfw', '#menswear']	menswear fw 17 marionleflo
822149895268208642	2017-01-19	['#driesvannot', '#dvn', '#pfw']	men fw 17 lin
822131754131746816	2017-01-19	['#driesvannot', '#dvn', '#pfw', '#show']	men's fw 17 show hour
822113900099502080	2017-01-19	['#driesvannot', '#dvn', '#pfw', '#menswear']	see show
822096210165202949	2017-01-19	['#driesvannot', '#dvn', '#pfw', '#menswear']	men fw 17
816284598724390912	2017-01-03	['#driesvannot', '#dvn', '#pfw', '#cast']	cast
815268733342150656	2016-12-31	['#driesvannot', '#dvn', '#nye', '#light', '#wal', '#royaledelux']	happy new year 2017
812979674066325504	2016-12-25	['#driesvannot', '#dvn', '#harry', '#christmas']	happy holiday harry's first christmas year ago
812953602994110464	2016-12-25	['#driesvannot', '#dvn', '#harry', '#christmas', '#xma']	happy holiday harry first christmas soe year ago
812677165351370752	2016-12-24	['#driesvannot', '#dvn', '#christmas', '#xma']	wond christmas
809827497340768256	2016-12-16	['#driesvannot', '#dvn', '#tradit', '#panetton']	christmas com delicy it panetton
808390661653336064	2016-12-12	['#driesvannot', '#dvn', '#marchesacasat', '#hom']	interpret marches casat party dress
808344595373391874	2016-12-12	['#driesvannot', '#dvn', '#marches', '#party', '#fountain', '#pearl']	marches casat get ready party
807263799980003328	2016-12-09	['#driesvannot', '#dvn', '#pearl', '#velvet']	aw 2016 collect detail
807263643553431552	2016-12-09	['#driesvannot', '#dvn', '#fauxf']	aw 2016 collect detail
807263531871694849	2016-12-09	['#driesvannot', '#dvn', '#fauxf']	aw 2016 collect detail
806205591580504065	2016-12-06	['#sinterklaa', '#driesvannot', '#dvn']	happy sinterklaa
804376024754638848	2016-12-01	[]	season window modep antwerp also op sunday 4th sunday 18th
804375942059720705	2016-12-01	[]	season window modep antwerp also op sunday 4th sunday 18th
804375838007455745	2016-12-01	[]	season window modep antwerp also op sunday 4th sunday 18th
804375732969492480	2016-12-01	[]	season window modep antwerp also op sunday 4th sunday 18th
804375565688041472	2016-12-01	[]	season window modep antwerp also op sunday 4th sunday 18th
804375428911759360	2016-12-01	[]	season window modep antwerp also op sunday 4th sunday 18th
803953054370463744	2016-11-30	['#driesvannot', '#dvn', '#jefverhey', '#antwerp', '#wint', '#sky']	antwerp jef verhey wint
802174614398963712	2016-11-25	[]	extract albert moya's film cal baton roug feat men aw 2016 collect
802167194872324096	2016-11-25	[]	extract albert moya's film cal baton roug feat men aw 2016 collect
802166869838983168	2016-11-25	[]	extract albert moya's film cal baton roug feat men aw 2016 collect
799309627921985537	2016-11-17	[]	rel suck vortex fev other's pass marches luis casat
799309545105461248	2016-11-17	[]	rel suck vortex fev other's pass marches luis casat
798894370351095808	2016-11-16	[]	go watch fash talk @loustoppard dri van not joycehk cre
798216889860231168	2016-11-14	['#driesvannot', '#dvn', '#operagarny']	menswear autumn wint 16 oper garny
798216652844363776	2016-11-14	['#driesvannot', '#dvn', '#operagarny']	menswear autumn wint 16 oper garny
798216496904359936	2016-11-14	['#driesvannot', '#dvn', '#operagarny']	menswear autumn wint 16 oper garny
798216427501129729	2016-11-14	['#driesvannot', '#dvn', '#operagarny']	menswear autumn wint 16 oper garny
798216372937490432	2016-11-14	['#driesvannot', '#dvn', '#operagarny']	menswear autumn wint 16 oper garny
798216227713748992	2016-11-14	['#driesvannot', '#dvn', '#operagarny']	menswear autumn wint 16 oper garny
798216152237281280	2016-11-14	['#driesvannot', '#dvn', '#operagarny']	menswear autumn wint 16 oper garny
794240740499095552	2016-11-03	['#driesvannot', '#dvn', '#autumn', '#gard']	autumn walk gard
792781212637077504	2016-10-30	['#driesvannot', '#dvn', '#halloween', '#weswilson', '#fw16']	happy halloween
790945686418255876	2016-10-25	['#harry', '#8yo', '#driesvannot']	happy 8th birthday harry
789155729907351553	2016-10-20	[]	psychedel post text rework origin art wes wilson menswear fal wint
789155690170507264	2016-10-20	[]	psychedel post text rework origin art wes wilson menswear fal wint
789155637246779392	2016-10-20	[]	psychedel post text rework origin art wes wilson menswear fal wint
789155564043563008	2016-10-20	[]	psychedel post text rework origin art wes wilson menswear fal wint
789155485639467008	2016-10-20	[]	psychedel post text rework origin art wes wilson menswear fal wint
789155404886532097	2016-10-20	[]	psychedel post text rework origin art wes wilson menswear fal wint
788728541286367232	2016-10-19	['#driesvannot', '#dvn']	yesterday dri van not receiv antwerp provint priz cult
787646512197148672	2016-10-16	[]	dri van not convers @loustoppard fash art cyb stud yesterday
787392508426854400	2016-10-15	[]	dri van not longtim friend hong kong fash icon joyc occas
786910630381023233	2016-10-14	[]	dri josephin siao fong fong andrew kei brief ribbon cut new
786220742186823680	2016-10-12	[]	japanes emp akihito empress michiko togeth belg king filip queen mathild
784069472399323136	2016-10-06	['#driesvannot', '#dvn', '#fit', '#pfw', '#ss17', '#fash']	shot fit par last week
783657248501497857	2016-10-05	[]	rain an teres de keersmack last night cirqu roy bruxel @rosasdance
783656754047553536	2016-10-05	[]	rain an teres de keersmack last night cirqu roy bruxel @rosasdance
783321166979145728	2016-10-04	['#driesvannot', '#dvn', '#fit', '#pfw', '#ss17', '#fash']	shot fit par last week
783320647036497920	2016-10-04	['#driesvannot', '#dvn', '#fit', '#pfw', '#ss17', '#fash']	shot fit par last week
782651461129887745	2016-10-02	['#driesvannot', '#dvn', '#ss17', '#fash', '#show']	dri van not women's spring sum 2017 collect
781888402539048960	2016-09-30	['#driesvannot', '#dvn', '#ss17', '#fash', '#show']	dri van not women's spring sum 2017 collect
781888038800621569	2016-09-30	[]	ic flow @azumamakoto feat dri van not spring sum 2017 women's
781870252644859904	2016-09-30	['#driesvannot', '#dvn', '#ss17', '#fash', '#show']	dri van not women's spring sum 2017 collect
781508859957485572	2016-09-29	['#driesvannot', '#dvn', '#ss17', '#fash']	dri van not women's spring sum 2017 collect
781508387574079488	2016-09-29	[]	timelasp ic flow @azumamakoto melt antwerp 20th 24th
781507543654866944	2016-09-29	['#driesvannot', '#dvn', '#ss17', '#fash']	dri van not women's spring sum 2017 collect
781225516045139968	2016-09-28	['#pfw', '#bofw']	latest collect @driesvannoten
781225472386621440	2016-09-28	[]	fue @driesvannoten primaver 2017 un jard bot que cobr vid sobr la pasarel
781182125873696768	2016-09-28	['#driesvannot', '#dvn', '#azumamakoto', '#pfw']	dri van not women's spring sum 2017 collect
781181410942017536	2016-09-28	['#driesvannot']	ic flow azum makoto dri van not women's spring sum 2017
781165419256246273	2016-09-28	['#azumamakato', '#ss17']	qui est le flor art qui signait le set po du @driesvannoten
781135541890842624	2016-09-28	[]	ic flow azum makoto feat dri van not women's spring sum 2017
781131661966766081	2016-09-28	['#driesvannot', '#dvn', '#pfw', '#ss17', '#mus']	sound record melt ic jacob kirkegaard
781120576303796225	2016-09-28	['#pfw']	flow froz block ic dot runway @driesvannoten mil soch
781102760947281920	2016-09-28	['#driesvannot', '#dvn', '#beauty']	dri van not spring sum women's collect soon
780900565723275266	2016-09-27	['#driesvannot', '#dvn', '#pfw', '#ss17']	lat rehears tomorrow's show backst
780784012734427136	2016-09-27	['#driesvannot', '#dvn']	sum 2017 wom collect soon
780783851723456512	2016-09-27	['#driesvannot', '#dvn']	sum 2017 wom collect soon
780783643220447232	2016-09-27	['#driesvannot', '#dvn']	sum 2017 wom collect soon
779737582892646401	2016-09-24	['#driesvannot', '#dvn']	sum 2017 wom collect soon
778628198867271680	2016-09-21	[]	last night new york city ballet op 2016 season lincoln cent fif
776449525456183296	2016-09-15	['#dvn']	insid book autumn wint 2016 collect oper garny par
776448021802455040	2016-09-15	[]	insid book marces casat autumn wint 2016 collect drawn @gillbutton
773912053459189760	2016-09-08	[]	joycehk fal wint 2016 at project shot @wingshyalala countrysid antwerp
773911958651342850	2016-09-08	[]	joycehk fal wint 2016 at project shot @wingshyalala countrysid antwerp
773911187910225920	2016-09-08	[]	joycehk fal wint 2016 at project shot @wingshyalala countrysid antwerp
773910988781387777	2016-09-08	[]	joycehk fal wint 2016 at project shot @wingshyalala countrysid antwerp
773910910754783232	2016-09-08	[]	joycehk fal wint 2016 at project shot @wingshyalala countrysid antwerp
773492979520704512	2016-09-07	[]	joycehk fal wint 2016 at project shot @wingshyalala atmosph arth
773491824749084672	2016-09-07	[]	joycehk fal wint 2016 at project shot @wingshyalala atmosph arth
773490904464289793	2016-09-07	[]	joycehk fal wint 2016 at project shot @wingshyalala atmosph arth
771731076192563200	2016-09-02	['#dvn']	cov book autumn wint 2016 collect oper garny par
771730479754141696	2016-09-02	['#dvn']	book cov marches casat autumn wint 2016 collect drawn @gillbutton
771335448371294208	2016-09-01	[]	het modep zal vanaf zond septemb elk eerst zond van de maand geopend zijn
760083613069312000	2016-08-01	['#driesvannot', '#dvn', '#happysum', '#sum']	sum pool ful happy sum
760082954039201792	2016-08-01	[]	sum pool empty dri van not men's show
757513277496786944	2016-07-25	['#driesvannot', '#dvn', '#operagarny']	oper collect ar
757513042376663040	2016-07-25	['#driesvannot', '#dvn', '#casat']	casat collect ar
755810229233840128	2016-07-20	['#driesvannot', '#dvn', '#9qmq', '#men', '#shop']	gam mir dri van not men's shop par
754246902850412544	2016-07-16	['#driesvannot', '#dvn', '#dsm', '#tokyo']	new dri van not spac
753513020882550784	2016-07-14	[]	happy 14th july
752912915460743168	2016-07-12	['#driesvannot', '#dvn', '#fw16']	embrodery men fal wint 16 collect drawn @gillbutton
752912256694906880	2016-07-12	['#driesvannot', '#dvn', '#fw16']	embroidery men fal wint 16 collect oper garny par
751731825198899200	2016-07-09	['#driesvannot', '#dvn', '#7qmq', '#shop']	dri van not wom shop par dri van not
751731506834538496	2016-07-09	['#driesvannot', '#dvn', '#7qmq', '#shop']	dri van not wom shop par dri van not
751731326089367552	2016-07-09	['#driesvannot', '#dvn', '#7qmq', '#shop']	dri van not wom shop par
751101617366241281	2016-07-07	['#driesvannot', '#dvn', '#fw16']	womenswear fal wint 16
751101335924305920	2016-07-07	['#driesvannot', '#dvn']	draw @gillbutton women's fal wint 16 collect
751101090859458561	2016-07-07	['#driesvannot', '#dvn', '#fw16']	menswear fal wint 16 oper garny par
750743948453437440	2016-07-06	['#driesvannot', '#dvn']	draw @gillbutton women's fal wint 16 collect
750743813849751552	2016-07-06	['#driesvannot', '#dvn']	draw @gillbutton women's fal wint 16 collect
750741850374414340	2016-07-06	['#driesvannot', '#dvn', '#buttonfruit']	dri van not new window display @gillbutton draw
750741710880305152	2016-07-06	['#driesvannot', '#dvn', '#buttonfruit']	dri van not new window display @gillbutton draw
749937001063940096	2016-07-04	[]	happy birthday americ
748933856947036160	2016-07-01	['#driesvannot', '#dvn', '#pfw', '#ss17']	menswear spring sum 17 @ojozcaliboyz
748933714445529088	2016-07-01	['#driesvannot', '#dvn', '#pfw', '#ss17']	menswear spring sum 17 @ojozcaliboyz
748933544102227968	2016-07-01	['#driesvannot', '#dvn', '#pfw', '#ss17']	menswear spring sum 17 @ojozcaliboyz
747813952046915584	2016-06-28	['#driesvannot', '#dvn', '#pfw', '#ss17']	menswear spring sum 17
747813669363396608	2016-06-28	['#driesvannot', '#dvn', '#pfw', '#ss17']	menswear spring sum 17
747812385210138624	2016-06-28	['#driesvannot', '#dvn', '#pfw', '#ss17']	menswear spring sum 17
747812180603568128	2016-06-28	['#driesvannot', '#dvn', '#pfw', '#ss17']	menswear spring sum 17
747810513690689536	2016-06-28	['#driesvannot', '#dvn', '#pfw', '#ss17', '#sho']	sho menswear spring sum 17
747803856277540868	2016-06-28	[]	light wal instal 30 year old 1500 car head light thank roy de
747494211390476288	2016-06-27	['#driesvannot', '#dvn', '#pfw', '#show', '#ss17']	menswear spring sum 17 marionleflo
747494133376352256	2016-06-27	['#driesvannot', '#dvn', '#pfw', '#show', '#ss17']	menswear spring sum 17 marionleflo
747494025997987840	2016-06-27	['#driesvannot', '#dvn', '#pfw', '#show', '#ss17']	menswear spring sum 17 marionleflo
747461514878160896	2016-06-27	['#uefaeuro2016', '#pfw', '#tousensembl', '#reddevil', '#par']	cabin dri enjoy gam
747122270695473152	2016-06-26	[]	bye bye bil boy blu
747115198843084800	2016-06-26	['#driesvannot', '#dvn', '#invit', '#pfw']	man invit men's collect spring sum 2017
747055347039346688	2016-06-26	['#driesvannot', '#dvn', '#pfw', '#royaldelux', '#light', '#show']	menswear spring sum 17
746088142822850561	2016-06-23	['#driesvannot', '#dvn', '#pfw', '#ss17', '#menswear']	men 17
746086415377784832	2016-06-23	['#driesvannot', '#dvn', '#pfw', '#menswear', '#ss17']	men 17
745936865316995072	2016-06-23	[]	video men's spring sum 2017 show midnight websit link
745744634693943296	2016-06-22	['#driesvannot', '#dvn', '#rehars', '#show', '#menswear', '#pfw']	rehears tomorrow's show menswear ss2017
745560517863940096	2016-06-22	['#driesvannot', '#dvnparis', '#show', '#ss17']	men's show ss17 tomorrow dri van not showroom par
742654265555046401	2016-06-14	['#driesvannot', '#dvn', '#fashionableselby']	dri van not studio theselby dri van
738761996737339392	2016-06-03	['#driesvannot', '#dvn', '#backst', '#ss16']	menswear spring sum 16 @ojozcaliboyz
738761163069136896	2016-06-03	['#driesvannot', '#dvn', '#ss16']	menswear spring sum 16 @ojozcaliboyz
738482768217276420	2016-06-02	['#driesvannot', '#dvn', '#intery']	dri van not shop qua malaqua par afternoon
734796378665308160	2016-05-23	['#driesvannot']	styl @driesvannoten @harpersbazaarus
734779214134665220	2016-05-23	[]	happy 100th annivers @britishvogue look forward celebr
734761294050537472	2016-05-23	[]	congrat @rihanna billboard mus award fw 16 dress
732942338134319104	2016-05-18	['#driesvannot', '#dvn', '#par', '#fash', '#show']	dri van not womenswear spring sum 16
730682121556262912	2016-05-12	['#happybirthday', '#driesvannot', '#foreveryoung', '#theeighty']	get bit old folk
730407702447456257	2016-05-11	['#repost']	barneysny repostap first collab retail new
727792891075153920	2016-05-04	['#driesvannot', '#bluebel', '#mil']	enjoy morn light woodland gard effus 'aureum'
727792814306828288	2016-05-04	['#driesvannot', '#bluebel', '#mil']	enjoy morn light woodland gard effus 'aureum'
727792746212282368	2016-05-04	['#driesvannot', '#bluebel', '#mil']	enjoy morn light woodland gard effus 'aureum'
719984553398550528	2016-04-12	[]	illust marches casat @gillbutton welcom visit showroom
716401332480000000	2016-04-02	['#hanam', '#driesvannot', '#dvn', '#dvnaoyama', '#tokyo']	happy hanam jap dri van not
715893229779042304	2016-04-01	['#driesvannot', '#dvnhk']	op new redesign landmark dri van not bout
713388975029927937	2016-03-25	['#driesvannot', '#dvn', '#tmagazin']	illust interview @tmagazine
712678064522665985	2016-03-23	[]	best look last par fash week @voguemagazine feat tayl hil
712289887299497985	2016-03-22	[]	bomb dul blu ski belg today antwerp dock seen sunny roof
710881026734759936	2016-03-18	['#driesvannot', '#dvn']	imagin encount marilyn monro salvad dal joycehk
710061798414794752	2016-03-16	['#par', '#pfw', '#yufujiwar', '#8and2', '#fashionweek']	@driesvannoten shop tak htt
708321269117296640	2016-03-11	[]	eight best bag par fash week @nytimes
708317268237754369	2016-03-11	[]	happy see bag select @nytimesphoto best bag season
708257823524790272	2016-03-11	['#driesvannot']	ey @driesvannoten @wwd
708257801718595584	2016-03-11	['#driesvannot']	fash wel @driesvannoten @crfashionbook
707904152899346432	2016-03-10	['#driesvannot', '#dvn', '#buttonfruit']	gabriel d'annunzio drawn @gillbutton
707904065439723520	2016-03-10	['#driesvannot', '#dvn']	an val aw 2016 women's show
707903963492962305	2016-03-10	['#driesvannot', '#dvn', '#buttonfruit']	marches cassat drawn @gillbutton
707903627743121408	2016-03-10	['#driesvannot', '#dvn', '#buttonfruit']	marches cassat drawn @gillbutton
707903327825207296	2016-03-10	['#driesvannot', '#dvn']	an val aw 2016 women's show
707898354567680000	2016-03-10	['#driesvannot', '#dvn', '#buttonfruit']	gabriel d'annunzio drawn @gillbutton
707898217304858624	2016-03-10	['#driesvannot', '#dvn']	an val aw 2016 women's show
707898059330560000	2016-03-10	['#driesvannot', '#dvn', '#buttonfruit']	gabriel d'annunzio drawn @gillbutton
707897857479733248	2016-03-10	['#driesvannot', '#dvn']	an val aw 2016 women's show
707897740496347136	2016-03-10	['#driesvannot', '#dvn', '#buttonfruit']	gabriel d'annunzio drawn @gillbutton
707897603829141505	2016-03-10	['#driesvannot', '#dvn']	an val aw 2016 women's show
707241844619538432	2016-03-08	['#driesvannot', '#dvn', '#pfw']	dri van not womenswear aw 16
706746787080572928	2016-03-07	[]	see ful fal 2016
706543572305256448	2016-03-06	['#driesvannot', '#dvn', '#pfw', '#detail']	feath necklac detail womenswear aw 16
706429173888327680	2016-03-06	['#driesvannot', '#dvn', '#pfw', '#backst']	backst womenswear aw 16
706139690794131457	2016-03-05	[]	lov story inspir @driesvannoten's fal 2016 collect
705845408585666560	2016-03-04	['#driesvannot', '#dvn', '#tommyton', '#pfw', '#fit']	fit @_tommyton
705780497205600256	2016-03-04	['#driesvannot', '#dvn', '#tommyton', '#pfw', '#fit']	fit @_tommyton
705776540986900480	2016-03-04	['#pfw']	@driesvannoten eleg ev
705776332907610112	2016-03-04	[]	@dreiraben fur faux us real fur
705766283204300800	2016-03-04	[]	tim talk @driesvannoten decod cre think behind collect
705766144431529985	2016-03-04	[]	lov story inspir @driesvannoten's fal 2016 collect
705766121518059521	2016-03-04	['#parisfashionweek']	@driesvannoten @jacquemus @anthonyvacc @wandanylon koch part
705764634855346176	2016-03-04	[]	studio dri van not via @nytvideo
705449844719144961	2016-03-03	['#driesvannot']	dri van not aw 16 fur faux
705380891514765312	2016-03-03	[]	@nytimes morn
705379639686987776	2016-03-03	[]	dri van noten's invit feat gil button illust vog
704932711174111232	2016-03-02	[]	gil button hand paint on 1200 invit dri van not show womenswear aw 16
664755085990326272	2015-11-12	['#michelleobam']	first lady wor @driesvannoten 2015 world innov summit educ @flotus
664754571596701696	2015-11-12	[]	defin look fal season @driesvannoten
649545075605786625	2015-10-01	[]	dri van not womenswear spring 2016 fin video
610839416022679552	2015-06-16	[]	film picasso paint bul part 1 work includ dri van not inspir
610838759593144320	2015-06-16	[]	film picasso paint bul part 2 work includ dri van not inspir
610838692643647488	2015-06-16	[]	film picasso paint bul part 1 work includ dri van not inspir
610838419426684928	2015-06-16	[]	film picasso paint bul part 3 work includ dri van not inspir
610837948670590976	2015-06-16	[]	film picasso paint bul part 4 work includ dri van not inspir
609031026455793664	2015-06-11	['#tbt', '#driesvannot', '#dvn']	wom ss 2000 collect mexico old cinem muse par
607094073955131393	2015-06-06	[]	apollo rey ii hed xandt front view sid view dri van not inspir
606821849482330112	2015-06-05	[]	discov embody at impopulair short movy feat ss15 women's collect
606810731628142592	2015-06-05	[]	at impopulair embody dri van not ss15 women's collect via @youtube
606743067429859328	2015-06-05	[]	high tid albert moy feat driesv not ss15 collect via @youtube
606483870813421568	2015-06-04	[]	model marcel gruyaert men wom preshow lookbook collect 1998 plain tal form
604291253602246656	2015-05-29	[]	portrait kurt cobain elizabe peyton paint feat exhibit inspir
604290243940995072	2015-05-29	[]	kurt cobain wear dvn turtleneck aw 1993 women's collect shoot
603945362290774016	2015-05-28	[]	janu 1995 walt van beirendonck model men's aw 95 sport collect
603914809185296385	2015-05-28	[]	schedule movy choos dri van not cinem zuid antwerp may
601425142217052160	2015-05-21	[]	jun 1994 fin men's sum collect c d'azur les jardin du pala
598513602212007936	2015-05-13	[]	watch high tid last movy albert moy feat ss 15 collect youtub
598497797919342592	2015-05-13	[]	high tid albert moy feat driesv not ss15 collect via @youtube
594486037696651265	2015-05-02	[]	dri van not andreasmurkud reflect giulio bursi's artwork
594478084490952704	2015-05-02	['#driesvannot', '#dvnberlin', '#dvn']	dri van not giulio burs at berlin @giuliobursi
594187392912924672	2015-05-01	[]	embody cre dri van not john everet milla ophel meet
593407181325791232	2015-04-29	[]	work progress ready friday view carpet artwork
593080888491118593	2015-04-28	[]	osc wolf perform 1st may op carpet artwork exhibit
593046519344947200	2015-04-28	[]	dri van not &amp; andreasmurkud invit view carpet artwork @alexkeha
588376725295357952	2015-04-15	[]	japanes cherry blossom dec dri van not showroom press day mil
581033076496584704	2015-03-26	[]	carpet artwork exhibit hong kong pmqhkdesign op door soon alexkeh fix
578968686343667713	2015-03-20	[]	first lady michel obam wear striped top long print jacquard coat dri van
578591145380347904	2015-03-19	[]	last vitrin dri van not inspir exhibit @momuantwerp
576381338623864832	2015-03-13	['#driesvannot', '#detail', '#dvn', '#pfw', '#flow', '#fabr']	discov detail new womenswear aw 15
574250942503256064	2015-03-07	[]	thank gre react envelop bag gold cherry blossom brocad dri van
573439195970019328	2015-03-05	['#driesvannot', '#dvn', '#pfw', '#par']	fin womenswear aw 15 hotel de vil par
573127934002761729	2015-03-04	['#driesvannot', '#pfw', '#par', '#mod', '#fash']	show
573127231926632448	2015-03-04	['#driesvannot']	show min
573106268858130432	2015-03-04	['#driesvannot', '#dvn', '#par', '#pfw', '#fash', '#mod', '#show']	womenswear aw 15 show hour
572754112779051008	2015-03-03	['#driesvannot', '#dvn', '#pfw']	fit day work progress womenswear aw 15 show tomorrow
572478715621466112	2015-03-02	['#driesvannot', '#dvn', '#par', '#pfw', '#fash', '#week', '#mod', '#show']	cast helenaseverin
572476218462904320	2015-03-02	['#driesvannot', '#par', '#pfw', '#fash', '#mod', '#defil', '#aw1516']	cast wom aw 15 work progress
569904465760927744	2015-02-23	[]	last vitrin dri van not 'inspirations' exhibit @momuantwerp antwerp
568091066714476545	2015-02-18	['#driesvannot', '#driesspot']	post exhibit inspir spot city antwerp
566246162110636032	2015-02-13	['#driesvannot', '#antwerp']	today op exhibit inspir momu antwerp
565914577343614976	2015-02-12	[]	everyth ready op exhibit inspir tomorrow ta momu antwerp
565529709128482818	2015-02-11	[]	discov new window display feat pict jason ev het modep
564808390866894848	2015-02-09	[]	alexandr kehayoglou weav togeth art fash @driesvannoten's 2015 showscap
564808359233470465	2015-02-09	[]	@driesvannoten's 2015 show set mag landscap bueno air art alexandr kehayoglou
564808317508517889	2015-02-09	[]	ontdek de wereld van @driesvannoten en zijn inspiratiebron vanaf vrijd @momuantwerp htt
564808292602769409	2015-02-09	[]	might recogn art nam runway cre @driesvannoten unforget
563025835557683200	2015-02-04	[]	last minut work tonight tomorrow's intern pres dri van not women's
560448541311524865	2015-01-28	['#momuantwerp']	dri van not exhibt inspir febru 13 july 19 @momuantwerp .
558368662080729088	2015-01-22	['#driesvannot', '#pfw', '#fw1516']	fin
558330702421569536	2015-01-22	['#driesvannot', '#pfw', '#fw1516']	show minut
558316004645019648	2015-01-22	['#driesvannot', '#pfw', '#fw1516']	dri van not fw menswear 2015 45 minut showtim
558248830203076608	2015-01-22	['#driesvannot', '#pfw', '#fw1516']	dri van not men fal wint 15 show tonight pm
558040177869094912	2015-01-21	['#driesvannot', '#pfw', '#fw1516']	lat night show loc
557974062501490688	2015-01-21	['#driesvannot', '#pfw', '#par', '#fw1516']	hour fit tomorrow's show
552474336167477250	2015-01-06	['#driesvannot']	cast
552473618228465666	2015-01-06	['#driesvannot']	cast
552473106418499585	2015-01-06	['#driesvannot']	cast
552472090084134912	2015-01-06	['#cast', '#driesvannot']	men's show work progress
550790074473119744	2015-01-01	['#driesvannot', '#happynewyear', '#2015']	happy new year 2015 dri van not
540902806514057216	2014-12-05	['#driesvannot', '#inspir']	third print book tim chirstma
540194908716695553	2014-12-03	['#driesvannot', '#antwerp', '#bonaver']	dri van not studio antwerp 03
539900291236126721	2014-12-02	['#driesvannot', '#oscarandthewolf']	osc wolf stag tonight antwerp
536236003787149312	2014-11-22	[]	asvoff7 dri van not speak serg careir post th screening drie's select
535888525887959040	2014-11-21	[]	dian pernet claud montan dri van not op ceremony asvof7 fash film
535883768859725826	2014-11-21	['#asvoff', '#driesvannot']	claud montan dian pernet &amp; dri van not asvof fest
535865159101992961	2014-11-21	['#driesvannot', '#asvoff']	asvof fest start today @asvof
533303775633899521	2014-11-14	[]	dri presid jury asvoff novemb 21 cent pompidou
530410184976637952	2014-11-06	[]	exhibit tim pack thank les art everyon cam shar
528211079629783040	2014-10-31	['#driesvannot']	happy halloween
527404039601131520	2014-10-29	[]	@driesvannoten talk @fashionlala brown read interview shop collect
527403908755628032	2014-10-29	[]	check joyc boutique's new 2014 fw lookbook feat @driesvannoten @thombrowneny etc
527403883111665664	2014-10-29	['#exposit', '#fash', '#mod']	que jour pour l' @driesvannoten inspir ht
527403748625506304	2014-10-29	['#derniersjo', '#expo']	mt @artsdecoratifs j av la fin de l' @driesvannoten
525645289391009792	2014-10-24	['#driesvannot', '#par', '#antwerp', '#exhibit']	near last day par antwerp febru
525320930449321984	2014-10-23	[]	dvn hetmodep bigdraw via @youtube
525315748554887169	2014-10-23	['#driesvannot']	new window display @lkevanoevelen thebigdraw project
522365465902186496	2014-10-15	['#ravissanttrunkshow']	introduc dri van not first tim delh day @driesvannoten
522365400877916160	2014-10-15	['#pfw']	watch fin round panel 15 bst we'll talk @dior @driesvannoten
522314733031280641	2014-10-15	[]	relax @hannegabysays tak tim look facebook pag
521571821569986560	2014-10-13	['#pfw']	gisel @chanel tear @driesvannoten see best look
520203456251170816	2014-10-09	['#tbt', '#driesvannot']	rehears grand pala
519424635969220608	2014-10-07	['#selfr']	@driesvannoten mast eclect mad w @showstudio &amp; assocy @vertu
519422834146553857	2014-10-07	['#ss15']	@driesvannoten congrat show rank top 10 show
517252668507844608	2014-10-01	[]	osc wolf stag la fl d'or 3rd octob
515780948932427777	2014-09-27	[]	beauty @driesvannoten
515777291650347009	2014-09-27	[]	stun atmosph shot @driesvannoten see
515529323802288128	2014-09-26	['#driesvannot', '#past']	video carpet mak alexkeh avail
515431588226932736	2014-09-26	[]	consid calm beauty @driesvannoten's poet collect
515419891998789632	2014-09-26	['#driesvannot', '#model', '#lineup']	backst grand pala
515392966119395328	2014-09-26	['#pfw', '#pfw2015', '#driesvannot']	
515392287309037568	2014-09-26	['#pfw']	l'int du @driesvannoten est sur el
515392124989472768	2014-09-26	['#pfw']	reminisc hazy sum ev woodstock see @driesvannoten collect
515392032777703424	2014-09-26	['#normc', '#pfw']	cout clubwear @balenciaga soph @driesvannoten see best look
515391934056394752	2014-09-26	['#pfw']	descubr 'el jard de @driesvannoten ' @suzymenkesvogue corrobor su xito en
515391799322767361	2014-09-26	['#ss15', '#pfw']	follow rul put cloth want @driesvannoten
515172491736522752	2014-09-25	[]	carpet via @youtube
515158688105918464	2014-09-25	[]	dri van not wom 2015 via @youtube
515043865930518528	2014-09-25	[]	clos front row @womensweardaily
514085334317924352	2014-09-22	['#driesvannot', '#pfw', '#invit']	sur check 24th midnight
512974781675630593	2014-09-19	[]	inspir exhibit dri van not &amp; pamel golbin q&amp;a via @youtube
512970036781125632	2014-09-19	[]	inspir exhibit dri van not q&amp;a via @youtube
509730298154979330	2014-09-10	[]	snoop bel wear spring sum 14 fash exhibit @newmuseum @belleprgirl @snoopy
509719264425934848	2014-09-10	[]	dri van not feat @garancedore
507904984726642688	2014-09-05	['#driesvannot', '#inspir', '#exhibit', '#book']	inspir iconoclast video see
507897857677201408	2014-09-05	[]	check dri van not feat itel
504305027239120897	2014-08-26	['#driesvanot', '#inspir', '#exhibit', '#book', '#foppishweek']	inspir fop video
501738447585828864	2014-08-19	['#driesvanot', '#inspir', '#exhibit', '#book', '#bowy']	inspir bowy cocteau viscont
499885426292047872	2014-08-14	['#driesvannot', '#inspir', '#exhibit', '#book', '#graphicweek']	inspir graph video
496995639742324737	2014-08-06	['#driesvannot', '#inspir', '#exhibit', '#book', '#goldweek']	inspir gold video
494466207123529728	2014-07-30	['#smv150']	superb sc dan l'exposition @driesvannoten aux @artsdecoratifs
494465148204376065	2014-07-30	['#driesvannot', '#inspir', '#exhibit', '#book', '#thepianoweek']	inspir piano video
493683450319486976	2014-07-28	[]	@driesvannoten cur window display aw14 im
490072874934616064	2014-07-18	[]	dri van not spring sum 2015 feat @highsnobiety
490072577344536576	2014-07-18	[]	@driesvannoten ss15
490072483060805632	2014-07-18	[]	tun 11 bst panel talk @dior hom @driesvannoten &amp; @rickowensonline
483530416213999616	2014-06-30	['#driesvannot', '#ss15']	backst
483529574257819648	2014-06-30	['#pe2015', '#pfw']	@driesvannoten il rock ipnotico dell passerell ced un nuovo rig per la
483529063689388032	2014-06-30	['#ss15', '#menswear', '#pfw', '#malemodel']	par par par impres @driesvannoten look &gt; &lt;
483528880389885953	2014-06-30	[]	go backst expl @driesvannoten's dream world unexpect sens awak look
482782085820973056	2014-06-28	[]	skin skin sens @driesvannoten strips ss15
482782067961630720	2014-06-28	[]	behind par men's fash week @louisvuitton @maisonvalentino @commegarcons @driesvannoten
482782025867591680	2014-06-28	['#pfw', '#ss2015']	discov look @driesvannoten runway spring 2015
482285560632213505	2014-06-26	[]	ss15
481113699181400064	2014-06-23	[]	
477492352073101313	2014-06-13	['#expo', '#mod', '#fash']	L' @driesvannoten inspir est prolong jusqu'au 2
477458899520323584	2014-06-13	['#driesvannot', '#inspir', '#butterfliesweek', '#exhibit']	damy hirst transgress 2007
477114890092433408	2014-06-12	['#driesvannot', '#inspir', '#butterfliesweek', '#exhibit']	e schiaparelli ss 1937
476302038113198080	2014-06-10	['#driesvannot', '#ss15', '#pfw']	new season's cast
476301673896235008	2014-06-10	['#driesvannot', '#ss15', '#pfw']	new season cast
476017267436965888	2014-06-09	['#driesvannot', '#inspir', '#exhibit', '#book', '#butterfliesweek']	inspir butterf
474910018563624961	2014-06-06	['#driesvannot', '#inspir', '#exhibit', '#punkweek', '#sexpistol']	punk
474107539794444288	2014-06-04	[]	het modep spring sum 2014 jun 2014 window feat assembl andr bogaert
473487909895409664	2014-06-02	['#driesvannot', '#inspir', '#exhibit', '#book', '#punkweek']	inspir punk
473469282136121344	2014-06-02	[]	@driesvannoten aw14 lookbook
473398561972191232	2014-06-02	['#glamp', '#bruceweb', '#driesvannot']	@manoftheworld photo @driesvannoten
473377008584777729	2014-06-02	[]	par weekend tak @driesvannoten's exhibit art meet fash
470948051985899520	2014-05-26	[]	@driesvannoten rehears alway show check girl wear dri way
470924707601330176	2014-05-26	[]	xavy dol @xdolan wear dri van not red carpet can
470859508324261888	2014-05-26	[]	look match thank @driesvannoten year shirt
470859357346095104	2014-05-26	[]	@driesvannoten eyewear collect photograph belg photograph frederik vercruyss
470859099320889345	2014-05-26	['#edit']	chanel im @driesvannoten &gt;&gt; harp baza russ jun2014 alexand neuman
466509927897645056	2014-05-14	['#driesvannot', '#design', '#fash', '#styl', '#party', '#anndemeulemeest']	happy birthday dri van not
466509883710652417	2014-05-14	[]	happy birthday @driesvannoten check break top fiv inspir
455691415641923584	2014-04-14	[]	thank @barneysny amaz job check mak dri van not window new york
451290212355026944	2014-04-02	['#thewindow']	@driesvannoten stat mind
451290183829557248	2014-04-02	[]	@driesvannoten inspir
450554948397576192	2014-03-31	[]	@driesvannoten aux art un exposit ne pas manqu
450554858693984256	2014-03-31	[]	find @driesvannoten's @barneysny window @ericwilsonsays' wow week
449493926534471680	2014-03-28	[]	thank @barneysny wond din
449492745988870144	2014-03-28	[]	famy din @driesvannoten
449491769433260033	2014-03-28	[]	insid @driesvannoten book sign @barneysny
446965617846128640	2014-03-21	[]	grew surround art nat thing @driesvannoten watch
446964177958359040	2014-03-21	['#expo', '#mod', '#fash']	@driesvannoten inspir jusqu'au 31 ao 2014
446964151794298880	2014-03-21	[]	art flow fash hist unear @driesvannoten's key inspir
446963374673649665	2014-03-21	[]	oh divin inspirac la de @driesvannoten su expo que su vez inspir @albagalocha
444479501888925696	2014-03-14	[]	world beauty ev dream @driesvannoten watch
443755139632214016	2014-03-12	[]	mad @driesvannoten's aw14 trop acid trip gif stop star
441271423500574720	2014-03-05	['#cnn', '#cnnfashion']	fin fash season par report @klassmyleene meet @driesvannoten
441214969397248001	2014-03-05	[]	check dvn pamel golbin talk exhibit facebook
439686233552605184	2014-03-01	[]	congr @barneysny &amp; @driesvannoten beauty op last night dri retrospect must see
439685365038063616	2014-03-01	[]	@driesvannoten walk tim blank exhibit inspir show us world ey
439389734671249408	2014-02-28	['#exhibit', '#driesvannot']	dri van noten's interview @vogue_germany
439079160288264194	2014-02-27	['#pfw', '#driesvannot']	lin
438979408955965440	2014-02-27	[]	@driesvannoten hon thank
438682611683434496	2014-02-26	['#pfw', '#driesvannot']	thank black dog paint soundtrack
437975084242706432	2014-02-24	[]	discov world dri van not inspir @artsdecoratifs miss
435707666330320896	2014-02-18	['#expo', '#mod', '#fash']	couliss de l' dri van not inspir partir du 1er mar
427828773569171456	2014-01-27	[]	expl 70s 80s exhibit see thing @driesvannoten
427828024789454848	2014-01-27	[]	@driesvannoten @dazedmagazine @lea_colombo op round sunglass diary
425229559265763328	2014-01-20	['#par', '#aw14']	miss menswear we'v mad best trippy gif includ @givenchy @dior @
424193823217299456	2014-01-17	[]	backst fav behind scen on favourit show far @driesvannoten check
424182062770581504	2014-01-17	['#hair', '#cloth', '#pfw']	bright col pop @driesvannoten menswear show
423964960583340032	2014-01-16	['#pfw']	warm @driesvannoten
423922823384825856	2014-01-16	['#pfw']	pink new black @driesvannoten
423913629390733312	2014-01-16	['#pfw']	rav @driesvannoten put ep show colo block sportswear rol ston stereo
423910551207813121	2014-01-16	['#driesvannot', '#pfw', '#fw1415']	col
421558154372317184	2014-01-10	[]	el museo de les art alberg un exhibic de @driesvannoten del 28 de febrero al 31 de agosto
420553684704305152	2014-01-07	[]	new video nicolo terraneo ring ring
420219232693927936	2014-01-06	[]	fernando cabr dri van not nicola coulomb &amp; georg pendlebury @9bremagazine
419090184085725184	2014-01-03	[]	cast aw 14
418793511865962496	2014-01-02	[]	happy new year 2014
418683180305358848	2014-01-02	[]	collab @driesvannoten lind farrow gallery read diary
418683140270727168	2014-01-02	[]	aw13 sal continu shop can't collect @erdemrtw @kenzo_paris @driesvannoten
418419636926181376	2014-01-01	[]	look back 2013 perform @driesvannoten's fash show par
397359645050019841	2013-11-04	[]	fash new edit holtnyc demonst fring benefit @driesvannoten vog magazin
397358979535609857	2013-11-04	['#pfw']	watch runway backst front foot @driesvannoten spring 2014
397358815609643008	2013-11-04	[]	@driesvannoten brocad jacket bound edit shop look brown ht
397358761385680896	2013-11-04	[]	unus bomb jacket dri van not monday recommend
394842324838010880	2013-10-28	[]	check new facebook pag
382893938295599104	2013-09-25	['#pfw']	collin greewood radiohead liv perform @driesvannoten show
350239805524815873	2013-06-27	[]	dri van not feat les art start febru 2014
350237076731604993	2013-06-27	['#pfw']	dri van not happy invit first 200 peopl pres hal freyssinet 19h see show see
350195149755793409	2013-06-27	['#pfw', '#menswear']	walk rhythm
346901688566812672	2013-06-18	['#fash']	belg design lik @driesvannoten @dirkbikkembergs return school see today's tal
337877821391253504	2013-05-24	[]	thank @bergdorfs
337877091007737856	2013-05-24	[]	art crowd @bergdorfs @driesvannoten @visonairemag @paddle8 fet friez
309717581923762176	2013-03-07	['#driesvannot', '#1stpost']	hello instagram
306828451841732608	2013-02-27	[]	tout nos excus tou d'avoir rencont des difficult l'entr de not show cec tant des mes de impr
306826325732257792	2013-02-27	[]	deepest apolog inadvertend lock show due unforseen sec meas
291977437154271232	2013-01-17	['#pfw']	show
291864496656494592	2013-01-17	[]	show soon
291699416262406144	2013-01-17	['#pfw']	show tomorrow
291620365170532352	2013-01-16	['#countdown', '#pfw']	bonsoir par
291616190391001088	2013-01-16	[]	heart skip beat @driesvannoten spring look @harpersbazaarus's joyan king htt
288251914452344832	2013-01-07	[]	thank chocol @driesvannoten detox start tomorrow
287237048220397568	2013-01-04	['#lookoftheday']	pend pleas @driesvannoten ss13 look ey @styledotcom's
286455811662815232	2013-01-02	[]	wish happy new year
277085222900748288	2012-12-07	['#modep', '#antwerp']	new christmas window happy holiday
277081125892005888	2012-12-07	['#modep', '#antwerp']	new christmas window happy holiday
276987634738413568	2012-12-07	['#modep', '#antwerp']	new christmas window happy holiday
265836946645979137	2012-11-06	[]	expl gallery @driesvannoten meet art resid gij friel job wout
260736089592037376	2012-10-23	[]	design think lik bak fash wisdom dri van not
260735627987935232	2012-10-23	['#tofw']	gorg kick fal intern collect @holtrenfrew spot @driesvannoten coat ru
260695799984443393	2012-10-23	['#socialshop']	ey @voguemagazine's @driesvannoten's command twil coat
259300611554697218	2012-10-19	['#modep', '#antwerp']	hom straight liv mur gij friel job wout window
259255753519550465	2012-10-19	['#woolweek']	today's pick day chunky knitwear @driesvannoten menswear
259255283161903104	2012-10-19	['#antwerp']	new @driesvannoten window dutch art gij friel job wout
259255140144537600	2012-10-19	['#modep', '#antwerp']	thing com along nic day liv mur
258977197673566208	2012-10-18	['#modep', '#antwerp']	work night
258921918357450752	2012-10-18	['#modep', '#antwerp']	work progress
258872180132163584	2012-10-18	['#modep', '#antwerp']	gij get start liv mur paint tomorrow 6pm
258504586430648320	2012-10-17	['#modep', '#antwerp', '#mur']	gij friel job wout tak window tomorrow 10am
258222117433245696	2012-10-16	[]	@driesvannoten show beauty 2013 collect par today 22pm loc tim gonn watch @g
257869858342072320	2012-10-15	['#driesvannot', '#pfw']	click link watch abridg vert women's ss2013 show
219006356739457025	2012-06-30	['#pfw', '#men']	seen dri van not ss2013 men's show yet see click link
218690039826223104	2012-06-29	[]	hello 13 men's @driesvannoten may wear pleas thank
218689903410688000	2012-06-29	[]	visit photo video last night men's ss2013 show
218380109869092865	2012-06-28	['#mensfash', '#pfw']	near showtim
217985003823448064	2012-06-27	['#pfw']	on day go dvn men's ss2013 show photo video visit midnight cet thur 28th
184939737532989442	2012-03-28	[]	dri van not men's collect wint 2012 collab
175206240165703680	2012-03-01	[]	go websit see photo yesterday show
175201254711103488	2012-03-01	[]	
166937304856924160	2012-02-07	[]	visit see what's hap dri van noten's spring sum 2012
166934727188684801	2012-02-07	[]	@jpeskowitz @nicksullivanesq we'r glad lik gentlem
161175070100828162	2012-01-22	[]	timelaps video spec comit mur men's show
160672195645947904	2012-01-21	[]	jim moor @driesvannoten par coat strong dri mast tail know cut
160340979839279104	2012-01-20	[]	interview dri dazeddigit
160327322422095873	2012-01-20	[]	watch video thursday's men's aw 2012 collect
160327147205050368	2012-01-20	[]	dri van not par 19 mayb psychedel menswear nee mom tak risk @driesvannoten ht
160080677155508225	2012-01-19	[]	art cre backdrop mur liv dri van not ms
160080022613393409	2012-01-19	[]	looooov @driesvannoten
160079993370714113	2012-01-19	['#pfw']	@driesvannoten 34 second
159778314268065792	2012-01-18	[]	visit midnight thursday cet see men's 2012 collect
159773694586134529	2012-01-18	['#gallery', '#par']	beauty @driesvannoten jam reev show joyc
159773677766983682	2012-01-18	[]	miss dri van not jam reeve's par exhibit
149788645954568192	2011-12-22	[]	list dri discuss latest collab effort travel exhibit photograph jam reev
149504926161178625	2011-12-21	[]	wond piec on favorit design @driesvannoten @wsj
137218436496506880	2011-11-17	[]	look forward jam reev exhibit op song song vienn ev
137217928478195714	2011-11-17	[]	photo fw11 @driesvannoten
136502357348458496	2011-11-15	[]	photograph jam reev inspir print dri van not spring 2012 collect exhibit
133930672141250561	2011-11-08	[]	@driesvannoten gnt fash brazil tonight 22 talk beauty ss 2012 collect che
132155633112842240	2011-11-03	[]	tino dvn
132151268809515008	2011-11-03	[]	see women's collect websit
129911579562098688	2011-10-28	['#tgif']	@allira_s delivery enjoy
129911424532221952	2011-10-28	[]	see jessic talk wear wint
129517812166303744	2011-10-27	[]	digit print piec nyt
129496025844039680	2011-10-27	[]	watch men's 2011 show mus bourdel par
129227493776433152	2011-10-26	[]	tech savvy @rachelsterne @driesvannoten redefin new york digit cult styl
129217099716493313	2011-10-26	[]	new dri van noten's new stor kuwait aswel new window modep websit
1603495467	2009-04-24	[]	via @addthis
1416761201	2009-03-30	[]	get start
